Player_Name,Player_Name_Std,Player_ID,Team,Pos,Age,GP,TOI,GAR,WAR,SPAR,G,A1,A2,Points
Ryan Suter,RYAN.SUTER,8470600,DAL,D,38,82,18.940243902439022,5.1,0.8,1.6,2,7,8,17
Jeff Carter,JEFF.CARTER,8470604,PIT,C,38,72,12.570833333333333,-7.6,-1.2,-2.4,11,2,2,15
Zach Parise,ZACH.PARISE,8470610,COL,L,39,30,12.966666666666667,-1.2,-0.2,-0.4,5,2,3,10
Brent Burns,BRENT.BURNS,8470613,CAR,D,38,82,21.50121951219512,14.5,2.4,4.6,10,14,19,43
Corey Perry,COREY.PERRY,8470621,CHI/EDM,R,38,54,13.381481481481481,6.9,1.1,2.2,12,6,4,22
Joe Pavelski,JOE.PAVELSKI,8470794,DAL,C,39,82,16.809756097560978,11.6,1.9,3.7,27,26,14,67
Mark Giordano,MARK.GIORDANO,8470966,TOR,D,39,46,16.617391304347827,3.9,0.6,1.2,3,2,4,9
Alex Ovechkin,ALEX.OVECHKIN,8471214,WSH,L,37,79,19.22151898734177,-2.3,-0.4,-0.7,31,21,13,65
Evgeni Malkin,EVGENI.MALKIN,8471215,PIT,C,37,82,18.584146341463416,7.3,1.2,2.3,27,24,16,67
Blake Wheeler,BLAKE.WHEELER,8471218,NYR,R,37,54,12.718518518518518,-1.9,-0.3,-0.6,9,4,8,21
Alex Goligoski,ALEX.GOLIGOSKI,8471274,MIN,D,38,36,14.808333333333334,-2.5,-0.4,-0.8,0,7,3,10
Sidney Crosby,SIDNEY.CROSBY,8471675,PIT,C,36,82,20.086585365853658,10.8,1.8,3.4,42,34,18,94
Jack Johnson,JACK.JOHNSON,8471677,COL,D,36,80,14.9275,6.3,1.0,2.0,3,8,5,16
Anze Kopitar,ANZE.KOPITAR,8471685,L.A,C,36,81,19.658024691358023,11.5,1.9,3.7,26,29,15,70
Marc Staal,MARC.STAAL,8471686,PHI,D,36,35,13.794285714285715,-1.8,-0.3,-0.6,1,2,2,5
T.J. Oshie,T.J..OSHIE,8471698,WSH,R,36,52,16.867307692307694,-4.2,-0.7,-1.3,12,5,8,25
Andrew Cogliano,ANDREW.COGLIANO,8471699,COL,C,36,75,10.609333333333334,2.3,0.4,0.7,6,10,3,19
Marc-Edouard Vlasic,MARC-EDOUARD.VLASIC,8471709,S.J,D,36,57,16.280701754385966,-1.9,-0.3,-0.6,6,2,4,12
Kris Letang,KRIS.LETANG,8471724,PIT,D,36,82,24.68780487804878,5.1,0.8,1.6,10,18,23,51
Ryan Reaves,RYAN.REAVES,8471817,TOR,R,36,49,8.116326530612245,-2.9,-0.5,-0.9,4,2,0,6
Brad Marchand,BRAD.MARCHAND,8473419,BOS,L,35,82,19.101219512195122,13.9,2.3,4.4,29,21,17,67
Nick Foligno,NICK.FOLIGNO,8473422,CHI,L,35,74,17.764864864864865,8.7,1.4,2.8,17,8,12,37
Erik Johnson,ERIK.JOHNSON,8473446,BUF/PHI,D,35,67,14.47313432835821,-3.9,-0.6,-1.2,5,0,1,6
Kyle Okposo,KYLE.OKPOSO,8473449,BUF/FLA,R,35,67,13.35223880597015,-1.0,-0.2,-0.3,12,7,3,22
Trevor Lewis,TREVOR.LEWIS,8473453,L.A,C,36,82,11.634146341463415,0.9,0.2,0.3,8,6,2,16
Cal Clutterbuck,CAL.CLUTTERBUCK,8473504,NYI,R,35,82,11.879268292682926,5.4,0.9,1.7,7,8,4,19
Jeff Petry,JEFF.PETRY,8473507,DET,D,35,73,18.794520547945204,4.2,0.7,1.3,3,8,13,24
Claude Giroux,CLAUDE.GIROUX,8473512,OTT,R,35,82,20.092682926829266,5.7,0.9,1.8,21,27,16,64
Jordan Staal,JORDAN.STAAL,8473533,CAR,C,35,80,15.37875,-0.5,-0.1,-0.2,10,7,13,30
Nicklas Backstrom,NICKLAS.BACKSTROM,8473563,WSH,C,35,8,14.5625,-1.6,-0.3,-0.5,0,0,1,1
Alex Killorn,ALEX.KILLORN,8473986,ANA,C/L,34,63,18.73174603174603,1.2,0.2,0.4,18,14,4,36
Jamie Benn,JAMIE.BENN,8473994,DAL,L,34,82,15.11951219512195,8.0,1.3,2.6,21,21,18,60
Nick Bonino,NICK.BONINO,8474009,NYR,C,35,45,12.253333333333332,-4.4,-0.7,-1.4,1,3,1,5
Ian Cole,IAN.COLE,8474013,VAN,D,34,78,18.68974358974359,8.4,1.4,2.7,2,3,6,11
Kevin Shattenkirk,KEVIN.SHATTENKIRK,8474031,BOS,D,34,61,15.78032786885246,6.8,1.1,2.2,6,14,4,24
Patrick Maroon,PATRICK.MAROON,8474034,BOS/MIN,L,35,51,12.841176470588234,0.8,0.1,0.3,4,7,5,16
James Van Riemsdyk,JAMES.VAN RIEMSDYK,8474037,BOS,L,34,71,13.5056338028169,0.2,0.0,0.1,11,16,11,38
Sam Gagner,SAM.GAGNER,8474040,EDM,C,34,28,10.210714285714285,2.9,0.5,0.9,5,4,1,10
Logan Couture,LOGAN.COUTURE,8474053,S.J,C,34,6,18.75,-1.9,-0.3,-0.6,0,1,0,1
Brendan Smith,BRENDAN.SMITH,8474090,N.J,D,34,63,16.099999999999998,7.7,1.3,2.4,5,3,7,15
David Perron,DAVID.PERRON,8474102,DET,L,35,76,15.628947368421052,2.0,0.3,0.6,17,17,13,47
Patrick Kane,PATRICK.KANE,8474141,DET,R,34,50,18.374000000000002,5.4,0.9,1.7,20,18,9,47
Robert Bortuzzo,ROBERT.BORTUZZO,8474145,NYI/STL,D,34,27,13.762962962962964,-3.6,-0.6,-1.2,0,0,0,0
Evgeny Dadonov,EVGENY.DADONOV,8474149,DAL,R,34,51,13.176470588235293,1.2,0.2,0.4,12,3,8,23
Mikael Backlund,MIKAEL.BACKLUND,8474150,CGY,C,34,82,19.234146341463415,1.1,0.2,0.4,15,20,4,39
Ryan McDonagh,RYAN.MCDONAGH,8474151,NSH,D,34,74,21.787837837837838,4.6,0.7,1.5,3,13,16,32
Max Pacioretty,MAX.PACIORETTY,8474157,WSH,L,34,47,14.434042553191489,2.6,0.4,0.8,4,11,8,23
Alec Martinez,ALEC.MARTINEZ,8474166,VGK,D,36,55,19.043636363636367,7.5,1.2,2.4,4,5,8,17
Lars Eller,LARS.ELLER,8474189,PIT,C,34,82,15.965853658536586,3.9,0.6,1.2,15,8,8,31
Drew Doughty,DREW.DOUGHTY,8474563,L.A,D,33,82,25.79390243902439,7.4,1.2,2.3,15,14,21,50
Steven Stamkos,STEVEN.STAMKOS,8474564,T.B,C,33,79,18.234177215189874,4.9,0.8,1.6,40,18,23,81
Alex Pietrangelo,ALEX.PIETRANGELO,8474565,VGK,D,33,64,23.565625,7.5,1.2,2.4,4,16,13,33
Zach Bogosian,ZACH.BOGOSIAN,8474567,MIN/T.B,D,33,65,17.88,11.8,1.9,3.7,3,6,5,14
Luke Schenn,LUKE.SCHENN,8474568,NSH,D,33,63,15.184126984126985,-7.6,-1.2,-2.4,1,4,2,7
Tyler Myers,TYLER.MYERS,8474574,VAN,D,33,77,18.944155844155844,-4.9,-0.8,-1.5,5,12,12,29
Erik Karlsson,ERIK.KARLSSON,8474578,PIT,D,33,82,24.26829268292683,4.9,0.8,1.6,11,24,21,56
Jordan Eberle,JORDAN.EBERLE,8474586,SEA,R,33,78,17.444871794871794,12.4,2.0,3.9,17,18,9,44
John Carlson,JOHN.CARLSON,8474590,WSH,D,33,82,25.891463414634146,2.1,0.3,0.7,10,16,26,52
Roman Josi,ROMAN.JOSI,8474600,NSH,D,33,82,24.63170731707317,22.0,3.6,7.0,23,38,24,85
Justin Schultz,JUSTIN.SCHULTZ,8474602,SEA,D,33,70,16.47285714285714,-3.1,-0.5,-1.0,7,8,11,26
Travis Hamonic,TRAVIS.HAMONIC,8474612,OTT,D,33,48,14.735416666666666,-3.1,-0.5,-1.0,2,2,2,6
Marco Scandella,MARCO.SCANDELLA,8474618,STL,D,33,65,12.473846153846154,-1.3,-0.2,-0.4,2,4,2,8
Adam Henrique,ADAM.HENRIQUE,8474641,ANA/EDM,C,33,82,16.848780487804877,10.5,1.7,3.3,24,15,12,51
Tj Brodie,TJ.BRODIE,8474673,TOR,D,33,78,21.72051282051282,2.0,0.3,0.6,1,11,14,26
Gustav Nyquist,GUSTAV.NYQUIST,8474679,NSH,C,34,81,17.741975308641972,7.1,1.2,2.3,23,34,18,75
Matt Martin,MATT.MARTIN,8474709,NYI,L,34,57,9.312280701754386,0.4,0.1,0.1,4,3,1,8
Cam Atkinson,CAM.ATKINSON,8474715,PHI,R,34,70,15.945714285714287,-3.3,-0.5,-1.0,13,5,10,28
Jared Spurgeon,JARED.SPURGEON,8474716,MIN,D,33,16,23.325,2.8,0.5,0.9,0,1,4,5
Tyler Johnson,TYLER.JOHNSON,8474870,CHI,C,33,67,15.538805970149252,-7.4,-1.2,-2.3,17,4,10,31
Mike Hoffman,MIKE.HOFFMAN,8474884,S.J,C,33,66,13.73181818181818,-1.6,-0.3,-0.5,10,4,9,23
Marcus Johansson,MARCUS.JOHANSSON,8475149,MIN,L,32,78,15.887179487179488,1.5,0.2,0.5,11,9,10,30
Kyle Palmieri,KYLE.PALMIERI,8475151,NYI,C,32,82,17.208536585365852,6.7,1.1,2.1,30,10,14,54
Ryan O'Reilly,RYAN.O'REILLY,8475158,NSH,C,32,82,19.765853658536585,16.2,2.7,5.2,26,15,28,69
Jakob Silfverberg,JAKOB.SILFVERBERG,8475164,ANA,R,32,81,13.050617283950617,-1.0,-0.2,-0.3,7,6,6,19
John Tavares,JOHN.TAVARES,8475166,TOR,C,32,80,17.865000000000002,8.3,1.4,2.6,29,18,18,65
Victor Hedman,VICTOR.HEDMAN,8475167,T.B,D,32,78,24.81153846153846,7.5,1.2,2.4,13,32,31,76
Matt Duchene,MATT.DUCHENE,8475168,DAL,C,32,80,16.76625,10.2,1.7,3.3,25,26,14,65
Evander Kane,EVANDER.KANE,8475169,EDM,L,32,77,16.776623376623377,-6.1,-1.0,-2.0,24,12,8,44
Brayden Schenn,BRAYDEN.SCHENN,8475170,STL,C,32,82,17.78048780487805,1.9,0.3,0.6,20,17,9,46
Oliver Ekman-Larsson,OLIVER.EKMAN-LARSSON,8475171,FLA,D,32,80,18.39375,4.7,0.8,1.5,9,10,13,32
Nazem Kadri,NAZEM.KADRI,8475172,CGY,C,32,82,18.42560975609756,19.4,3.2,6.2,29,28,18,75
Calvin De Haan,CALVIN.DE HAAN,8475177,T.B,D,32,59,16.620338983050846,1.0,0.2,0.3,3,3,4,10
Dmitry Kulikov,DMITRY.KULIKOV,8475179,FLA,D,32,76,16.514473684210525,2.4,0.4,0.7,1,12,7,20
Nick Leddy,NICK.LEDDY,8475181,STL,D,32,82,22.36219512195122,-1.0,-0.2,-0.3,3,14,11,28
Chris Kreider,CHRIS.KREIDER,8475184,NYR,L,32,82,18.782926829268295,12.0,2.0,3.8,39,23,13,75
Brayden McNabb,BRAYDEN.MCNABB,8475188,VGK,D,32,82,19.353658536585368,3.1,0.5,1.0,4,9,13,26
Reilly Smith,REILLY.SMITH,8475191,PIT,R,32,76,16.13421052631579,7.9,1.3,2.5,13,17,10,40
Tomas Tatar,TOMAS.TATAR,8475193,COL/SEA,L,32,70,12.452857142857143,2.5,0.4,0.8,9,6,9,24
Tyson Barrie,TYSON.BARRIE,8475197,NSH,D,32,41,18.317073170731707,-2.4,-0.4,-0.8,1,9,5,15
Dmitry Orlov,DMITRY.ORLOV,8475200,CAR,D,32,82,17.31463414634146,10.4,1.7,3.3,6,6,14,26
Brian Dumoulin,BRIAN.DUMOULIN,8475208,SEA,D,32,80,17.015,6.1,1.0,1.9,6,4,6,16
Mattias Ekholm,MATTIAS.EKHOLM,8475218,EDM,D,33,79,21.049367088607596,17.1,2.8,5.4,11,23,11,45
Marcus Foligno,MARCUS.FOLIGNO,8475220,MIN,L,32,55,14.481818181818182,2.1,0.3,0.7,10,8,4,22
Craig Smith,CRAIG.SMITH,8475225,DAL,C,34,75,10.216000000000001,1.4,0.2,0.5,11,4,5,20
Casey Cizikas,CASEY.CIZIKAS,8475231,NYI,C,32,70,13.94142857142857,1.0,0.2,0.3,10,5,8,23
David Savard,DAVID.SAVARD,8475233,MTL,D,32,60,20.241666666666667,0.7,0.1,0.2,6,6,12,24
Nicolas Deslauriers,NICOLAS.DESLAURIERS,8475235,PHI,L,32,60,8.15,-6.4,-1.0,-2.0,1,1,2,4
Byron Froese,BYRON.FROESE,8475278,VGK,C,32,16,10.66875,0.3,0.0,0.1,0,1,0,1
Ben Chiarot,BEN.CHIAROT,8475279,DET,D,32,77,19.777922077922078,4.4,0.7,1.4,5,9,6,20
Erik Haula,ERIK.HAULA,8475287,N.J,L,32,76,16.87763157894737,2.7,0.4,0.8,16,17,2,35
Anders Lee,ANDERS.LEE,8475314,NYI,L,33,81,15.566666666666668,8.3,1.4,2.7,20,3,14,37
Nick Jensen,NICK.JENSEN,8475324,WSH,D,32,78,19.629487179487178,-0.1,0.0,0.0,1,6,7,14
Nic Dowd,NIC.DOWD,8475343,WSH,C,33,64,15.203125,5.8,1.0,1.9,12,6,4,22
Brenden Dillon,BRENDEN.DILLON,8475455,WPG,D,32,77,18.74155844155844,0.4,0.1,0.1,8,4,8,20
Radko Gudas,RADKO.GUDAS,8475462,ANA,D,33,66,19.504545454545454,11.8,1.9,3.8,6,4,8,18
Chris Tanev,CHRIS.TANEV,8475690,CGY/DAL,D,33,75,19.684,9.4,1.5,3.0,2,8,9,19
Mats Zuccarello,MATS.ZUCCARELLO,8475692,MIN,R,36,69,18.892753623188405,13.5,2.2,4.3,12,33,18,63
Calle Jarnkrok,CALLE.JARNKROK,8475714,TOR,C,31,52,15.257692307692308,3.1,0.5,1.0,10,8,3,21
Justin Holl,JUSTIN.HOLL,8475718,DET,D,31,38,15.081578947368422,2.8,0.5,0.9,0,2,3,5
Jason Zucker,JASON.ZUCKER,8475722,ARI/NSH,L,31,69,13.8231884057971,3.0,0.5,1.0,14,11,7,32
Tyler Toffoli,TYLER.TOFFOLI,8475726,N.J/WPG,R/C,31,79,16.958227848101266,11.7,1.9,3.7,33,14,8,55
Evgeny Kuznetsov,EVGENY.KUZNETSOV,8475744,CAR/WSH,C,31,63,17.53968253968254,-13.9,-2.3,-4.4,8,10,6,24
Charlie Coyle,CHARLIE.COYLE,8475745,BOS,C,31,82,18.065853658536586,2.5,0.4,0.8,25,18,17,60
Jon Merrill,JON.MERRILL,8475750,MIN,D,31,65,12.780000000000001,0.7,0.1,0.2,4,4,3,11
Tyler Pitlick,TYLER.PITLICK,8475752,NYR,C,31,34,10.197058823529412,-1.9,-0.3,-0.6,1,2,1,4
Justin Faulk,JUSTIN.FAULK,8475753,STL,D,31,60,21.961666666666666,3.0,0.5,0.9,2,16,12,30
Brock Nelson,BROCK.NELSON,8475754,NYI,C,31,82,18.082926829268292,11.3,1.9,3.6,34,23,12,69
Nick Bjugstad,NICK.BJUGSTAD,8475760,ARI,C,31,76,17.443421052631578,4.2,0.7,1.4,22,12,11,45
Derek Forbort,DEREK.FORBORT,8475762,BOS,D,31,35,17.794285714285714,7.5,1.2,2.4,0,1,3,4
Kevin Hayes,KEVIN.HAYES,8475763,STL,R,31,79,14.467088607594938,6.2,1.0,2.0,13,5,11,29
Cam Fowler,CAM.FOWLER,8475764,ANA,D,31,81,24.423456790123456,-9.0,-1.5,-2.9,5,15,19,39
Vladimir Tarasenko,VLADIMIR.TARASENKO,8475765,FLA/OTT,R,31,76,15.736842105263158,5.0,0.8,1.6,23,20,12,55
Austin Watson,AUSTIN.WATSON,8475766,T.B,L,31,33,7.263636363636364,-0.1,0.0,0.0,2,1,1,4
Jaden Schwartz,JADEN.SCHWARTZ,8475768,SEA,C,31,62,16.362903225806452,4.9,0.8,1.5,13,9,8,30
Chris Wagner,CHRIS.WAGNER,8475780,COL,R,32,13,7.453846153846154,-0.3,0.0,-0.1,1,1,0,2
Jeff Skinner,JEFF.SKINNER,8475784,BUF,L,31,74,15.995945945945946,1.2,0.2,0.4,24,13,9,46
Zach Hyman,ZACH.HYMAN,8475786,EDM,L,31,80,19.5,28.6,4.7,9.1,54,11,12,77
Erik Gudbranson,ERIK.GUDBRANSON,8475790,CBJ,D,31,78,19.66025641025641,-2.5,-0.4,-0.8,6,6,14,26
Taylor Hall,TAYLOR.HALL,8475791,CHI,L,31,10,16.330000000000002,-1.1,-0.2,-0.4,2,2,0,4
Ryan Johansen,RYAN.JOHANSEN,8475793,COL,C,31,63,13.642857142857142,-3.6,-0.6,-1.1,13,7,3,23
Tyler Seguin,TYLER.SEGUIN,8475794,DAL,C,31,68,16.544117647058822,5.7,0.9,1.8,25,15,12,52
Jarred Tinordi,JARRED.TINORDI,8475797,CHI,D,31,52,15.646153846153847,-5.5,-0.9,-1.7,0,6,3,9
Mikael Granlund,MIKAEL.GRANLUND,8475798,S.J,C,31,69,20.959420289855075,5.2,0.9,1.7,12,24,24,60
Nino Niederreiter,NINO.NIEDERREITER,8475799,WPG,R,31,77,14.963636363636365,4.2,0.7,1.3,18,8,8,34
Bryan Rust,BRYAN.RUST,8475810,PIT,R,31,62,19.57741935483871,10.2,1.7,3.2,28,14,14,56
Jani Hakanpaa,JANI.HAKANPAA,8475825,DAL,D,31,64,18.646875,6.1,1.0,1.9,2,5,5,12
Sam Carrick,SAM.CARRICK,8475842,ANA/EDM,C,31,77,12.220779220779221,-3.9,-0.6,-1.3,10,4,2,16
Brendan Gallagher,BRENDAN.GALLAGHER,8475848,MTL,R,31,77,13.790909090909093,-2.7,-0.4,-0.8,16,10,5,31
Jesper Fast,JESPER.FAST,8475855,CAR,R,31,73,12.604109589041096,0.9,0.1,0.3,6,9,4,19
John Klingberg,JOHN.KLINGBERG,8475906,TOR,D,31,14,20.55,-4.4,-0.7,-1.4,0,3,2,5
Mark Stone,MARK.STONE,8475913,VGK,R,31,56,19.407142857142855,9.5,1.6,3.0,16,20,17,53
Michael Sgarbossa,MICHAEL.SGARBOSSA,8475958,WSH,C,31,25,10.972000000000001,1.9,0.3,0.6,4,3,0,7
Colin Blackwell,COLIN.BLACKWELL,8476278,CHI,C,30,44,14.493181818181819,-1.6,-0.3,-0.5,8,4,0,12
Ondrej Palat,ONDREJ.PALAT,8476292,N.J,L,32,71,15.647887323943662,5.1,0.8,1.6,11,13,7,31
Josh Manson,JOSH.MANSON,8476312,COL,D,31,76,17.782894736842106,3.9,0.6,1.2,8,9,8,25
Travis Boyd,TRAVIS.BOYD,8476329,ARI,C,30,16,9.61875,2.1,0.3,0.7,2,4,2,8
Dylan Demelo,DYLAN.DEMELO,8476331,WPG,D,30,82,21.729268292682928,13.9,2.3,4.4,3,12,16,31
Johnny Gaudreau,JOHNNY.GAUDREAU,8476346,CBJ,L,30,81,18.812345679012346,7.7,1.3,2.4,12,35,13,60
Nick Seeler,NICK.SEELER,8476372,PHI,D,30,71,16.942253521126762,10.7,1.8,3.4,1,7,5,13
Sean Kuraly,SEAN.KURALY,8476374,CBJ,C,30,62,13.735483870967743,1.0,0.2,0.3,9,7,2,18
Vincent Trocheck,VINCENT.TROCHECK,8476389,NYR,C,30,82,21.454878048780486,16.7,2.7,5.3,25,37,15,77
Adam Lowry,ADAM.LOWRY,8476392,WPG,C,30,81,16.103703703703705,5.8,0.9,1.8,12,15,8,35
Nick Cousins,NICK.COUSINS,8476393,FLA,C,30,69,12.185507246376812,-5.1,-0.8,-1.6,7,2,6,15
Blake Coleman,BLAKE.COLEMAN,8476399,CGY,C,31,78,17.133333333333333,6.2,1.0,2.0,30,10,14,54
Jean-Gabriel Pageau,JEAN-GABRIEL.PAGEAU,8476419,NYI,C,30,82,15.908536585365853,1.1,0.2,0.3,11,16,6,33
Mike Reilly,MIKE.REILLY,8476422,FLA/NYI,D,30,61,17.15573770491803,6.0,1.0,1.9,6,9,9,24
Scott Mayfield,SCOTT.MAYFIELD,8476429,NYI,D,30,41,18.765853658536585,-1.3,-0.2,-0.4,0,3,2,5
Boone Jenner,BOONE.JENNER,8476432,CBJ,C,30,58,20.096551724137928,-0.2,0.0,0.0,22,5,8,35
Brandon Saad,BRANDON.SAAD,8476438,STL,L,30,82,15.502439024390245,5.6,0.9,1.8,26,7,9,42
Joel Edmundson,JOEL.EDMUNDSON,8476441,TOR/WSH,D,30,53,16.666037735849056,0.7,0.1,0.2,1,2,3,6
Matt Nieto,MATT.NIETO,8476442,PIT,L,30,22,11.60909090909091,0.8,0.1,0.3,1,3,0,4
William Karlsson,WILLIAM.KARLSSON,8476448,VGK,C,30,70,17.6,18.1,3.0,5.8,30,20,10,60
Nikita Kucherov,NIKITA.KUCHEROV,8476453,T.B,R,30,81,21.653086419753087,24.7,4.0,7.8,44,62,38,144
Ryan Nugent-Hopkins,RYAN.NUGENT-HOPKINS,8476454,EDM,C,30,80,19.62375,9.9,1.6,3.1,18,29,20,67
Jonathan Huberdeau,JONATHAN.HUBERDEAU,8476456,CGY,C,30,81,17.422222222222224,1.2,0.2,0.4,12,26,14,52
Adam Larsson,ADAM.LARSSON,8476457,SEA,D,30,81,22.94567901234568,-4.3,-0.7,-1.4,4,5,9,18
Ryan Strome,RYAN.STROME,8476458,ANA,C,30,79,15.798734177215188,-4.5,-0.7,-1.4,11,12,18,41
Mika Zibanejad,MIKA.ZIBANEJAD,8476459,NYR,C,30,81,19.741975308641972,12.2,2.0,3.9,26,30,16,72
Mark Scheifele,MARK.SCHEIFELE,8476460,WPG,C,30,74,20.185135135135134,6.9,1.1,2.2,25,32,15,72
Sean Couturier,SEAN.COUTURIER,8476461,PHI,C,30,74,17.81621621621622,8.7,1.4,2.8,11,13,14,38
Dougie Hamilton,DOUGIE.HAMILTON,8476462,N.J,D,30,20,20.975,2.8,0.5,0.9,5,4,7,16
Jonas Brodin,JONAS.BRODIN,8476463,MIN,D,30,62,23.37258064516129,11.1,1.8,3.5,7,7,13,27
Jamie Oleksiak,JAMIE.OLEKSIAK,8476467,SEA,D,30,82,19.648780487804878,4.8,0.8,1.5,2,4,9,15
J.T. Miller,J.T..MILLER,8476468,VAN,C,30,81,19.490123456790123,12.9,2.1,4.1,37,44,22,103
Joel Armia,JOEL.ARMIA,8476469,MTL,R,30,66,15.551515151515153,9.7,1.6,3.1,17,5,3,25
Connor Murphy,CONNOR.MURPHY,8476473,CHI,D,30,46,19.832608695652173,0.0,0.0,0.0,2,2,4,8
Stefan Noesen,STEFAN.NOESEN,8476474,CAR,R,30,81,11.87283950617284,11.5,1.9,3.7,14,14,9,37
Phillip Danault,PHILLIP.DANAULT,8476479,L.A,C,30,78,18.01794871794872,9.3,1.5,3.0,17,20,10,47
Vladislav Namestnikov,VLADISLAV.NAMESTNIKOV,8476480,WPG,C,30,78,14.465384615384615,13.5,2.2,4.3,11,13,13,37
Rickard Rakell,RICKARD.RAKELL,8476483,PIT,R,30,70,16.515714285714285,10.4,1.7,3.3,15,7,15,37
Colin Miller,COLIN.MILLER,8476525,N.J/WPG,D,30,46,15.704347826086956,2.6,0.4,0.8,4,3,2,9
Jonathan Marchessault,JONATHAN.MARCHESSAULT,8476539,VGK,R,32,82,17.89512195121951,4.4,0.7,1.4,42,17,10,69
Barclay Goodrow,BARCLAY.GOODROW,8476624,NYR,C,30,80,12.56375,-2.7,-0.4,-0.9,4,6,2,12
Torey Krug,TOREY.KRUG,8476792,STL,D,32,77,21.961038961038962,-5.2,-0.9,-1.7,4,16,19,39
Luke Glendening,LUKE.GLENDENING,8476822,T.B,C,34,81,11.630864197530865,-2.0,-0.3,-0.6,10,1,0,11
Yanni Gourde,YANNI.GOURDE,8476826,SEA,C,31,80,17.447499999999998,1.7,0.3,0.5,11,15,7,33
Morgan Rielly,MORGAN.RIELLY,8476853,TOR,D,29,72,23.741666666666667,15.9,2.6,5.0,7,29,22,58
Hampus Lindholm,HAMPUS.LINDHOLM,8476854,BOS,D,29,73,23.286301369863015,8.0,1.3,2.5,3,6,17,26
Matt Dumba,MATT.DUMBA,8476856,ARI/T.B,D,29,76,19.732894736842105,-8.2,-1.3,-2.6,4,1,7,12
Phillip Di Giuseppe,PHILLIP.DI GIUSEPPE,8476858,VAN,L,29,51,12.096078431372549,-8.4,-1.4,-2.7,5,3,2,10
Brendan Gaunce,BRENDAN.GAUNCE,8476867,CBJ,C,29,24,11.745833333333332,-1.9,-0.3,-0.6,2,1,1,4
Brady Skjei,BRADY.SKJEI,8476869,CAR,D,29,80,21.2775,8.0,1.3,2.5,13,16,18,47
Tanner Pearson,TANNER.PEARSON,8476871,MTL,L,31,54,12.93888888888889,-6.0,-1.0,-1.9,5,4,4,13
Scott Laughton,SCOTT.LAUGHTON,8476872,PHI,C,29,82,15.660975609756099,-10.9,-1.8,-3.5,13,16,10,39
Mark Jankowski,MARK.JANKOWSKI,8476873,NSH,C,29,32,12.6875,6.0,1.0,1.9,7,2,6,15
Olli Maatta,OLLI.MAATTA,8476874,DET,D,29,72,16.054166666666667,12.2,2.0,3.9,4,4,10,18
Mike Matheson,MIKE.MATHESON,8476875,MTL,D,29,82,25.552439024390246,-4.9,-0.8,-1.6,11,24,27,62
Zemgus Girgensons,ZEMGUS.GIRGENSONS,8476878,BUF,L,29,63,11.84920634920635,-0.5,-0.1,-0.2,8,3,3,14
Cody Ceci,CODY.CECI,8476879,EDM,D,29,79,20.02278481012658,3.1,0.5,1.0,5,7,13,25
Tom Wilson,TOM.WILSON,8476880,WSH,R,29,74,18.09864864864865,-6.0,-1.0,-1.9,18,5,12,35
Tomas Hertl,TOMAS.HERTL,8476881,S.J/VGK,C,29,54,20.48888888888889,2.7,0.4,0.9,17,14,7,38
Teuvo Teravainen,TEUVO.TERAVAINEN,8476882,CAR,L,29,76,16.401315789473685,7.8,1.3,2.5,25,16,12,53
Derrick Pouliot,DERRICK.POULIOT,8476884,DAL,D,29,5,12.14,-1.5,-0.2,-0.5,0,0,0,0
Jacob Trouba,JACOB.TROUBA,8476885,NYR,D,29,69,21.246376811594203,-5.3,-0.9,-1.7,3,10,9,22
Filip Forsberg,FILIP.FORSBERG,8476887,NSH,L,29,82,18.897560975609753,23.1,3.8,7.3,48,25,21,94
Radek Faksa,RADEK.FAKSA,8476889,DAL,C,29,74,12.514864864864865,2.1,0.3,0.7,7,10,2,19
Matt Grzelcyk,MATT.GRZELCYK,8476891,BOS,D,29,63,17.598412698412698,-6.6,-1.1,-2.1,2,7,2,11
Colton Parayko,COLTON.PARAYKO,8476892,STL,D,30,82,23.860975609756096,4.4,0.7,1.4,10,8,8,26
Oskar Sundqvist,OSKAR.SUNDQVIST,8476897,STL,C,29,71,13.247887323943662,-6.0,-1.0,-1.9,6,11,4,21
Esa Lindell,ESA.LINDELL,8476902,DAL,D,29,82,20.471951219512196,10.1,1.7,3.2,5,8,13,26
Chandler Stephenson,CHANDLER.STEPHENSON,8476905,VGK,C,29,75,18.483999999999998,-6.6,-1.1,-2.1,16,18,17,51
Shayne Gostisbehere,SHAYNE.GOSTISBEHERE,8476906,DET,D,30,81,19.08641975308642,5.3,0.9,1.7,10,18,28,56
Mackenzie MacEachern,MACKENZIE.MACEACHERN,8476907,STL,L,29,8,7.875,0.5,0.1,0.2,0,0,1,1
Devin Shore,DEVIN.SHORE,8476913,SEA,C,29,21,8.00952380952381,3.7,0.6,1.2,1,2,1,4
Adam Pelech,ADAM.PELECH,8476917,NYI,D,29,58,20.28620689655172,9.2,1.5,2.9,1,8,7,16
Jimmy Vesey,JIMMY.VESEY,8476918,NYR,L,30,80,12.37625,2.1,0.3,0.7,13,7,6,26
Chris Tierney,CHRIS.TIERNEY,8476919,N.J,C,29,52,9.025,3.1,0.5,1.0,4,3,5,12
Jordan Martinook,JORDAN.MARTINOOK,8476921,CAR,L,31,82,14.646341463414634,9.4,1.5,3.0,14,11,7,32
Damon Severson,DAMON.SEVERSON,8476923,CBJ,D,29,67,21.14776119402985,1.5,0.2,0.5,9,9,10,28
Colton Sissons,COLTON.SISSONS,8476925,NSH,C,29,81,16.574074074074073,-4.1,-0.7,-1.3,15,15,5,35
Teddy Blueger,TEDDY.BLUEGER,8476927,VAN,C,29,68,14.935294117647059,2.1,0.3,0.7,6,13,9,28
Jake McCabe,JAKE.MCCABE,8476931,TOR,D,29,73,20.656164383561645,6.4,1.1,2.0,8,9,11,28
Brock McGinn,BROCK.MCGINN,8476934,ANA,L,29,24,11.079166666666666,0.5,0.1,0.2,1,0,2,3
Dominic Toninato,DOMINIC.TONINATO,8476952,WPG,C,29,15,10.193333333333333,2.2,0.4,0.7,1,3,1,5
Jaccob Slavin,JACCOB.SLAVIN,8476958,CAR,D,29,81,20.932098765432098,11.5,1.9,3.6,6,11,20,37
Andreas Athanasiou,ANDREAS.ATHANASIOU,8476960,CHI,C,29,28,13.096428571428572,-0.5,-0.1,-0.2,2,4,3,9
Brett Kulak,BRETT.KULAK,8476967,EDM,D,29,82,15.384146341463415,3.6,0.6,1.1,3,4,9,16
Erik Gustafsson (D),ERIK.GUSTAFSSON2,8476979,NYR,D,31,76,17.392105263157895,6.6,1.1,2.1,6,15,10,31
Josh Anderson,JOSH.ANDERSON,8476981,MTL,R,29,78,15.464102564102564,-6.1,-1.0,-1.9,9,7,4,20
Matt Benning,MATT.BENNING,8476988,S.J,D,29,14,18.478571428571428,-4.5,-0.7,-1.4,0,2,0,2
Vinnie Hinostroza,VINNIE.HINOSTROZA,8476994,PIT,C,29,14,9.75,-1.9,-0.3,-0.6,1,1,1,3
Connor Brown,CONNOR.BROWN,8477015,EDM,R,29,71,12.799999999999999,-8.4,-1.4,-2.7,4,6,2,12
Ben Hutton,BEN.HUTTON,8477018,VGK,D,30,41,16.258536585365853,7.7,1.3,2.5,2,4,4,10
Alex Kerfoot,ALEX.KERFOOT,8477021,ARI,C,29,82,17.434146341463414,0.4,0.1,0.1,13,21,11,45
Jaycob Megna,JAYCOB.MEGNA,8477034,CHI,D,30,44,17.522727272727273,-1.6,-0.3,-0.5,0,0,2,2
Liam O'Brien,LIAM.O'BRIEN,8477070,ARI,C,29,75,9.729333333333335,1.5,0.2,0.5,5,7,2,14
Kurtis MacDermid,KURTIS.MACDERMID,8477073,COL/N.J,D/L,29,45,4.833333333333333,-3.1,-0.5,-1.0,2,1,0,3
Nate Schmidt,NATE.SCHMIDT,8477220,WPG,D,32,63,16.815873015873017,1.2,0.2,0.4,2,4,8,14
Chad Ruhwedel,CHAD.RUHWEDEL,8477244,NYR/PIT,D,33,52,12.7,3.2,0.5,1.0,1,1,2,4
Dominik Kubalik,DOMINIK.KUBALIK,8477330,OTT,L,28,74,12.121621621621621,-12.6,-2.1,-4.0,11,4,0,15
Kyle Burroughs,KYLE.BURROUGHS,8477335,S.J,D,28,73,19.145205479452052,0.9,0.2,0.3,2,3,3,8
MacKenzie Weegar,MACKENZIE.WEEGAR,8477346,CGY,D,29,82,22.929268292682927,9.2,1.5,2.9,20,14,18,52
Tyler Motte,TYLER.MOTTE,8477353,T.B,C,28,69,12.46086956521739,-0.3,0.0,-0.1,6,2,1,9
Connor Clifton,CONNOR.CLIFTON,8477365,BUF,D,28,79,16.555696202531646,0.9,0.2,0.3,4,8,6,18
Carson Soucy,CARSON.SOUCY,8477369,VAN,D,29,40,17.485,3.0,0.5,1.0,2,2,2,6
Jonny Brodzinski,JONNY.BRODZINSKI,8477380,NYR,C,30,57,11.128070175438596,4.8,0.8,1.5,6,5,8,19
Josh Brown,JOSH.BROWN,8477384,ARI,D,29,51,14.750980392156862,-2.5,-0.4,-0.8,3,4,3,10
Hudson Fasching,HUDSON.FASCHING,8477392,NYI,R,28,45,12.042222222222222,1.5,0.2,0.5,4,6,4,14
Pavel Buchnevich,PAVEL.BUCHNEVICH,8477402,STL,L,28,80,19.82375,12.4,2.0,4.0,27,21,15,63
Jake Guentzel,JAKE.GUENTZEL,8477404,CAR/PIT,C/L,28,67,20.02089552238806,12.8,2.1,4.1,30,33,14,77
Mattias Janmark,MATTIAS.JANMARK,8477406,EDM,C,30,71,11.895774647887324,1.4,0.2,0.5,4,4,4,12
Anthony Duclair,ANTHONY.DUCLAIR,8477407,S.J/T.B,L,28,73,15.773972602739725,12.7,2.1,4.0,24,10,8,42
Carter Verhaeghe,CARTER.VERHAEGHE,8477409,FLA,C,28,76,17.96315789473684,13.2,2.2,4.2,35,23,14,72
Oliver Bjorkstrand,OLIVER.BJORKSTRAND,8477416,SEA,R,28,82,16.182926829268293,15.1,2.5,4.8,20,19,20,59
Miles Wood,MILES.WOOD,8477425,COL,L,28,74,13.683783783783785,-5.3,-0.9,-1.7,9,14,3,26
Nick Paul,NICK.PAUL,8477426,T.B,L,28,82,17.252439024390245,15.6,2.5,4.9,24,13,9,46
Andrew Copp,ANDREW.COPP,8477429,DET,C,29,79,16.274683544303798,2.9,0.5,0.9,13,11,9,33
Ryan Graves,RYAN.GRAVES,8477435,PIT,D,28,70,18.388571428571428,-4.4,-0.7,-1.4,3,3,8,14
Andre Burakovsky,ANDRE.BURAKOVSKY,8477444,SEA,L,28,49,14.56530612244898,-3.0,-0.5,-1.0,7,5,4,16
Michael McCarron,MICHAEL.MCCARRON,8477446,NSH,R,28,70,12.767142857142858,2.8,0.5,0.9,12,6,4,22
Shea Theodore,SHEA.THEODORE,8477447,VGK,D,28,47,22.08936170212766,6.2,1.0,2.0,5,19,18,42
Jason Dickinson,JASON.DICKINSON,8477450,CHI,C,28,82,16.570731707317073,16.3,2.7,5.2,22,5,8,35
Ryan Hartman,RYAN.HARTMAN,8477451,MIN,R,28,74,16.512162162162163,9.5,1.6,3.0,21,12,12,45
Adam Erne,ADAM.ERNE,8477454,EDM,L,28,24,7.820833333333333,0.5,0.1,0.2,1,1,0,2
J.T. Compher,J.T..COMPHER,8477456,DET,L,28,77,19.38831168831169,1.3,0.2,0.4,19,22,7,48
Robert Hagg,ROBERT.HAGG,8477462,ANA,D,28,5,12.78,-2.0,-0.3,-0.6,0,0,0,0
Nic Petan,NIC.PETAN,8477464,MIN,C,28,6,10.833333333333334,0.0,0.0,0.0,0,1,1,2
Justin Bailey,JUSTIN.BAILEY,8477473,S.J,R,28,59,11.28135593220339,8.8,1.4,2.8,5,6,3,14
Artturi Lehkonen,ARTTURI.LEHKONEN,8477476,COL,L,28,45,18.471111111111114,13.3,2.2,4.2,16,10,8,34
William Carrier,WILLIAM.CARRIER,8477478,VGK,L,28,39,11.171794871794871,3.1,0.5,1.0,6,1,1,8
Tyler Bertuzzi,TYLER.BERTUZZI,8477479,TOR,L,28,80,16.04625,8.3,1.4,2.6,21,13,9,43
Zach Sanford,ZACH.SANFORD,8477482,ARI/CHI,L,28,29,10.837931034482759,1.3,0.2,0.4,0,5,1,6
Brett Pesce,BRETT.PESCE,8477488,CAR,D,28,70,20.27714285714286,3.6,0.6,1.1,3,3,7,13
Nathan MacKinnon,NATHAN.MACKINNON,8477492,COL,C,28,82,22.81463414634146,36.0,5.9,11.4,51,50,39,140
Aleksander Barkov,ALEKSANDER.BARKOV,8477493,FLA,C,28,73,19.636986301369863,21.6,3.5,6.9,22,35,22,79
Jonathan Drouin,JONATHAN.DROUIN,8477494,COL,L,28,79,18.184810126582278,15.4,2.5,4.9,19,19,18,56
Seth Jones,SETH.JONES,8477495,CHI,D,28,67,25.48358208955224,3.7,0.6,1.2,8,12,11,31
Elias Lindholm,ELIAS.LINDHOLM,8477496,CGY/VAN,C,28,75,19.69333333333333,-4.5,-0.7,-1.4,15,14,15,44
Sean Monahan,SEAN.MONAHAN,8477497,MTL/WPG,C,28,83,18.093975903614457,9.6,1.6,3.1,26,21,12,59
Darnell Nurse,DARNELL.NURSE,8477498,EDM,D,28,81,21.893827160493828,2.9,0.5,0.9,10,11,11,32
Rasmus Ristolainen,RASMUS.RISTOLAINEN,8477499,PHI,D,28,31,16.690322580645162,2.1,0.3,0.7,1,1,2,4
Bo Horvat,BO.HORVAT,8477500,NYI,C,28,81,19.69382716049383,13.8,2.3,4.4,33,19,16,68
Valeri Nichushkin,VALERI.NICHUSHKIN,8477501,COL,R,28,54,21.34444444444444,8.7,1.4,2.8,28,17,8,53
Max Domi,MAX.DOMI,8477503,TOR,C,28,80,13.785,11.3,1.9,3.6,9,23,15,47
Josh Morrissey,JOSH.MORRISSEY,8477504,WPG,D,28,81,24.182716049382716,15.4,2.5,4.9,10,28,31,69
Alex Wennberg,ALEX.WENNBERG,8477505,NYR/SEA,C,28,79,17.988607594936706,9.2,1.5,2.9,10,11,9,30
Ryan Pulock,RYAN.PULOCK,8477506,NYI,D,28,58,22.520689655172415,7.9,1.3,2.5,5,6,8,19
Nikita Zadorov,NIKITA.ZADOROV,8477507,CGY/VAN,D,28,75,17.441333333333333,-4.3,-0.7,-1.4,6,11,3,20
Curtis Lazar,CURTIS.LAZAR,8477508,N.J,C,28,71,12.390140845070423,8.9,1.5,2.8,7,11,7,25
Anthony Mantha,ANTHONY.MANTHA,8477511,VGK/WSH,R,28,74,14.224324324324323,17.6,2.9,5.6,23,11,10,44
Ross Johnston,ROSS.JOHNSTON,8477527,ANA,L,29,68,8.197058823529412,-3.4,-0.6,-1.1,1,1,2,4
Dakota Mermis,DAKOTA.MERMIS,8477541,MIN,D,29,47,14.087234042553192,-3.7,-0.6,-1.2,3,2,3,8
Nathan Walker,NATHAN.WALKER,8477573,STL,L,29,45,10.811111111111112,1.1,0.2,0.3,7,1,5,13
Joel Hanley,JOEL.HANLEY,8477810,CGY/DAL,D,32,42,13.895238095238096,0.1,0.0,0.0,1,2,2,5
Conor Sheary,CONOR.SHEARY,8477839,T.B,L,31,57,11.09122807017544,-1.0,-0.2,-0.3,4,7,4,15
Trevor Van Riemsdyk,TREVOR.VAN RIEMSDYK,8477845,WSH,D,32,70,18.664285714285715,12.1,2.0,3.8,0,6,8,14
Ryan Carpenter,RYAN.CARPENTER,8477846,S.J,C,32,62,11.098387096774195,1.6,0.3,0.5,5,4,3,12
Jordan Oesterle,JORDAN.OESTERLE,8477851,CGY,D,31,22,13.518181818181818,-0.3,0.0,-0.1,0,2,0,2
Patrick Brown,PATRICK.BROWN,8477887,BOS,C,31,11,8.827272727272726,0.0,0.0,0.0,0,0,1,1
Garnet Hathaway,GARNET.HATHAWAY,8477903,PHI,R,31,82,12.496341463414634,6.5,1.1,2.1,7,8,2,17
Frederick Gaudreau,FREDERICK.GAUDREAU,8477919,MIN,C,30,67,13.941791044776119,-6.2,-1.0,-2.0,5,4,6,15
Pierre-Edouard Bellemare,PIERRE-EDOUARD.BELLEMARE,8477930,SEA,L,38,40,9.8375,5.5,0.9,1.7,4,2,1,7
Tomas Nosek,TOMAS.NOSEK,8477931,N.J,L,31,36,11.805555555555555,-5.3,-0.9,-1.7,2,4,0,6
Aaron Ekblad,AARON.EKBLAD,8477932,FLA,D,27,51,20.862745098039216,2.0,0.3,0.6,4,6,8,18
Sam Reinhart,SAM.REINHART,8477933,FLA,C,27,82,20.299999999999997,21.0,3.4,6.7,57,22,15,94
Leon Draisaitl,LEON.DRAISAITL,8477934,EDM,C,27,81,20.69506172839506,14.4,2.4,4.6,41,38,27,106
Sam Bennett,SAM.BENNETT,8477935,FLA,C,27,69,16.61014492753623,9.2,1.5,2.9,20,13,8,41
Haydn Fleury,HAYDN.FLEURY,8477938,T.B,D,27,24,16.125,4.9,0.8,1.6,1,2,2,5
William Nylander,WILLIAM.NYLANDER,8477939,TOR,R,27,82,19.912195121951218,9.8,1.6,3.1,40,36,22,98
Nikolaj Ehlers,NIKOLAJ.EHLERS,8477940,WPG,L,27,82,15.87439024390244,8.1,1.3,2.6,25,24,12,61
Kevin Fiala,KEVIN.FIALA,8477942,L.A,L,27,82,18.035365853658536,13.1,2.1,4.2,29,21,23,73
Jakub Vrana,JAKUB.VRANA,8477944,STL,L,27,21,12.128571428571428,-4.5,-0.7,-1.4,2,2,2,6
Dylan Larkin,DYLAN.LARKIN,8477946,DET,C,27,68,20.17205882352941,13.0,2.1,4.1,33,26,10,69
Sonny Milano,SONNY.MILANO,8477947,WSH,L,27,49,12.508163265306122,8.5,1.4,2.7,15,5,3,23
Travis Sanheim,TRAVIS.SANHEIM,8477948,PHI,D,27,81,23.817283950617284,3.7,0.6,1.2,10,17,17,44
Alex Tuch,ALEX.TUCH,8477949,BUF,R,27,75,19.503999999999998,6.6,1.1,2.1,22,20,17,59
Tony Deangelo,TONY.DEANGELO,8477950,CAR,D,27,31,14.33548387096774,-2.8,-0.5,-0.9,3,4,4,11
Nick Schmaltz,NICK.SCHMALTZ,8477951,ARI,C,27,79,19.17721518987342,7.7,1.3,2.5,22,23,16,61
Robby Fabbri,ROBBY.FABBRI,8477952,DET,C,27,68,12.867647058823529,-0.1,0.0,0.0,18,6,8,32
Kasperi Kapanen,KASPERI.KAPANEN,8477953,STL,R,27,73,14.383561643835616,-2.9,-0.5,-0.9,6,11,5,22
Jared McCann,JARED.MCCANN,8477955,SEA,L,27,80,16.76125,14.4,2.4,4.6,29,20,13,62
David Pastrnak,DAVID.PASTRNAK,8477956,BOS,R,27,82,19.929268292682927,23.8,3.9,7.6,47,39,24,110
Adrian Kempe,ADRIAN.KEMPE,8477960,L.A,R,27,77,18.933766233766235,10.9,1.8,3.5,28,25,22,75
Brendan Lemieux,BRENDAN.LEMIEUX,8477962,CAR,L,27,32,8.00625,-1.4,-0.2,-0.4,3,2,0,5
Ivan Barbashev,IVAN.BARBASHEV,8477964,VGK,C,27,82,16.11341463414634,7.8,1.3,2.5,19,19,6,44
Marcus Pettersson,MARCUS.PETTERSSON,8477969,PIT,D,27,82,22.670731707317074,15.2,2.5,4.8,4,8,18,30
Andreas Englund,ANDREAS.ENGLUND,8477971,L.A,D,27,82,13.221951219512196,-3.0,-0.5,-1.0,1,2,7,10
Nicolas Aube-Kubel,NICOLAS.AUBE-KUBEL,8477979,WSH,R,27,60,12.208333333333334,9.1,1.5,2.9,6,7,3,16
Brandon Montour,BRANDON.MONTOUR,8477986,FLA,D,29,66,23.446969696969695,6.3,1.0,2.0,8,7,18,33
Ryan Donato,RYAN.DONATO,8477987,CHI,C,27,78,13.997435897435897,0.1,0.0,0.0,12,12,6,30
Christian Dvorak,CHRISTIAN.DVORAK,8477989,MTL,C,27,30,15.53,-3.0,-0.5,-1.0,5,3,1,9
Warren Foegele,WARREN.FOEGELE,8477998,EDM,L,27,82,13.975609756097562,5.7,0.9,1.8,20,14,7,41
Brayden Point,BRAYDEN.POINT,8478010,T.B,C,27,81,20.02469135802469,14.2,2.3,4.5,46,26,18,90
Louie Belpedio,LOUIE.BELPEDIO,8478011,PHI,D,27,12,13.200000000000001,2.1,0.3,0.7,2,1,1,4
Jake Walman,JAKE.WALMAN,8478013,DET,D,27,63,19.76984126984127,-1.7,-0.3,-0.5,12,2,7,21
Mark Friedman,MARK.FRIEDMAN,8478017,VAN,D,27,23,12.234782608695651,2.3,0.4,0.7,0,0,1,1
Michael Amadio,MICHAEL.AMADIO,8478020,VGK,R,27,73,13.39178082191781,9.1,1.5,2.9,14,6,7,27
William Lagesson,WILLIAM.LAGESSON,8478021,ANA/TOR,D,27,40,14.7975,-0.9,-0.2,-0.3,0,1,3,4
Fredrik Olofsson,FREDRIK.OLOFSSON,8478028,COL,L,27,57,9.757894736842106,-1.2,-0.2,-0.4,3,4,2,9
Devon Toews,DEVON.TOEWS,8478038,COL,D,29,82,23.429268292682927,10.3,1.7,3.3,12,16,22,50
Viktor Arvidsson,VIKTOR.ARVIDSSON,8478042,L.A,R,30,18,16.688888888888886,2.4,0.4,0.8,6,4,5,15
Sam Lafferty,SAM.LAFFERTY,8478043,VAN,C,28,79,11.879746835443038,-0.6,-0.1,-0.2,13,4,7,24
Danton Heinen,DANTON.HEINEN,8478046,BOS,L,28,74,14.464864864864866,6.7,1.1,2.1,17,11,8,36
Michael Bunting,MICHAEL.BUNTING,8478047,CAR/PIT,L,27,81,15.685185185185185,4.0,0.7,1.3,19,26,10,55
Max Willman,MAX.WILLMAN,8478051,N.J,C,28,18,8.333333333333334,-1.3,-0.2,-0.4,3,0,1,4
Gustav Forsling,GUSTAV.FORSLING,8478055,FLA,D,27,79,22.141772151898735,16.6,2.7,5.3,10,17,12,39
Dakota Joshua,DAKOTA.JOSHUA,8478057,VAN,C,27,63,14.385714285714284,6.6,1.1,2.1,18,8,6,32
Rourke Chartier,ROURKE.CHARTIER,8478078,OTT,C,27,37,10.767567567567568,1.6,0.3,0.5,2,1,0,3
Kevin Labanc,KEVIN.LABANC,8478099,S.J,R,27,46,11.621739130434783,-4.8,-0.8,-1.5,2,4,3,9
Sammy Blais,SAMMY.BLAIS,8478104,STL,L,27,53,9.68867924528302,-4.2,-0.7,-1.3,1,5,1,7
Victor Olofsson,VICTOR.OLOFSSON,8478109,BUF,L,28,51,11.566666666666666,-0.3,0.0,-0.1,7,2,6,15
Pierre Engvall,PIERRE.ENGVALL,8478115,NYI,L,27,74,15.327027027027027,-0.5,-0.1,-0.2,10,12,6,28
Jake Evans,JAKE.EVANS,8478133,MTL,C,27,82,16.01829268292683,-2.6,-0.4,-0.8,7,11,10,28
Jacob Middleton,JACOB.MIDDLETON,8478136,MIN,D,27,80,19.80875,-0.1,0.0,0.0,7,9,9,25
Matthew Highmore,MATTHEW.HIGHMORE,8478146,OTT,C,27,7,7.714285714285714,0.3,0.0,0.1,0,0,2,2
Darren Raddysh,DARREN.RADDYSH,8478178,T.B,D,27,82,19.11341463414634,13.0,2.1,4.1,6,8,19,33
Dryden Hunt,DRYDEN.HUNT,8478211,CGY,L,27,28,11.12857142857143,3.6,0.6,1.1,3,4,1,8
Andrew Mangiapane,ANDREW.MANGIAPANE,8478233,CGY,L,27,75,15.996,5.7,0.9,1.8,14,17,9,40
Frank Vatrano,FRANK.VATRANO,8478366,ANA,R,29,82,18.34390243902439,3.1,0.5,1.0,37,12,11,60
Noah Hanifin,NOAH.HANIFIN,8478396,CGY/VGK,D,26,80,23.61375,13.5,2.2,4.3,13,19,15,47
Rasmus Andersson,RASMUS.ANDERSSON,8478397,CGY,D,26,78,23.825641025641026,1.6,0.3,0.5,9,14,16,39
Kyle Connor,KYLE.CONNOR,8478398,WPG,L,26,65,19.724615384615383,1.5,0.2,0.5,34,13,14,61
Jonas Siegenthaler,JONAS.SIEGENTHALER,8478399,N.J,D,26,57,19.33859649122807,-10.9,-1.8,-3.5,1,3,5,9
Colin White (C),COLIN.WHITE2,8478400,MTL/PIT,C,26,28,9.521428571428572,-2.7,-0.4,-0.9,0,0,0,0
Pavel Zacha,PAVEL.ZACHA,8478401,BOS,C,26,78,18.105128205128207,10.0,1.6,3.2,21,18,20,59
Connor McDavid,CONNOR.MCDAVID,8478402,EDM,C,26,76,21.35921052631579,32.4,5.3,10.3,32,62,38,132
Jack Eichel,JACK.EICHEL,8478403,VGK,C,26,63,20.52063492063492,15.3,2.5,4.8,31,21,16,68
Vince Dunn,VINCE.DUNN,8478407,SEA,D,26,59,23.0864406779661,5.7,0.9,1.8,11,19,16,46
Travis Dermott,TRAVIS.DERMOTT,8478408,ARI,D,26,50,17.28,-7.2,-1.2,-2.3,2,0,5,7
Anthony Richard,ANTHONY.RICHARD,8478409,BOS,C,26,9,10.61111111111111,-1.4,-0.2,-0.4,1,2,0,3
Jordan Greenway,JORDAN.GREENWAY,8478413,BUF,L,26,67,17.249253731343284,2.1,0.4,0.7,10,10,8,28
Timo Meier,TIMO.MEIER,8478414,N.J,R,26,69,17.60144927536232,3.3,0.5,1.1,28,14,10,52
Erik Cernak,ERIK.CERNAK,8478416,T.B,D,26,69,19.182608695652174,0.4,0.1,0.1,2,6,5,13
Mikko Rantanen,MIKKO.RANTANEN,8478420,COL,R,26,80,22.905,18.0,3.0,5.7,42,36,26,104
A.J. Greer,A.J..GREER,8478421,CGY,L,26,59,8.832203389830509,-1.0,-0.2,-0.3,6,3,3,12
Jansen Harkins,JANSEN.HARKINS,8478424,PIT,C,26,45,8.208888888888888,-1.2,-0.2,-0.4,0,4,0,4
Sebastian Aho,SEBASTIAN.AHO,8478427,CAR,C,26,78,19.628205128205128,15.6,2.6,5.0,36,34,19,89
Oliver Kylington,OLIVER.KYLINGTON,8478430,CGY,D,26,33,17.24848484848485,-5.6,-0.9,-1.8,3,1,4,8
Christian Fischer,CHRISTIAN.FISCHER,8478432,DET,R,26,79,11.40632911392405,3.0,0.5,1.0,5,8,6,19
Keegan Kolesar,KEEGAN.KOLESAR,8478434,VGK,R,26,79,10.863291139240507,-1.2,-0.2,-0.4,8,7,3,18
Thomas Novak,THOMAS.NOVAK,8478438,NSH,C,26,71,14.200000000000001,13.8,2.3,4.4,18,13,14,45
Travis Konecny,TRAVIS.KONECNY,8478439,PHI,R,26,76,19.84078947368421,8.6,1.4,2.7,33,23,12,68
Dylan Strome,DYLAN.STROME,8478440,WSH,C,26,82,17.950000000000003,11.0,1.8,3.5,27,31,9,67
Brandon Carlo,BRANDON.CARLO,8478443,BOS,D,26,76,19.903947368421054,4.3,0.7,1.4,4,8,2,14
Brock Boeser,BROCK.BOESER,8478444,VAN,R,26,81,18.60246913580247,9.2,1.5,2.9,40,22,11,73
Mathew Barzal,MATHEW.BARZAL,8478445,NYI,C,26,80,20.1325,13.0,2.1,4.1,23,38,19,80
Roope Hintz,ROOPE.HINTZ,8478449,DAL,C,26,80,17.240000000000002,24.2,4.0,7.7,30,17,18,65
Parker Wotherspoon,PARKER.WOTHERSPOON,8478450,BOS,D,26,41,17.726829268292683,0.5,0.1,0.2,0,1,7,8
Ethan Bear,ETHAN.BEAR,8478451,WSH,D,26,24,14.904166666666667,-1.6,-0.3,-0.5,1,0,3,4
Caleb Jones,CALEB.JONES,8478452,COL,D,26,25,12.208,1.0,0.2,0.3,0,3,2,5
Noah Juulsen,NOAH.JUULSEN,8478454,VAN,D,26,54,14.894444444444444,-0.4,-0.1,-0.1,1,3,3,7
Jack Roslovic,JACK.ROSLOVIC,8478458,CBJ/NYR,C,26,59,15.554237288135594,5.6,0.9,1.8,9,12,10,31
Zach Werenski,ZACH.WERENSKI,8478460,CBJ,D,26,70,24.45142857142857,15.3,2.5,4.9,11,19,27,57
Nicolas Roy,NICOLAS.ROY,8478462,VGK,C,26,70,15.452857142857143,4.7,0.8,1.5,13,17,11,41
Anthony Beauvillier,ANTHONY.BEAUVILLIER,8478463,CHI/NSH/VAN,L,26,60,13.581666666666667,-1.8,-0.3,-0.6,5,6,6,17
Daniel Sprong,DANIEL.SPRONG,8478466,DET,R,26,76,12.0,5.8,0.9,1.8,18,14,11,43
Jeremy Lauzon,JEREMY.LAUZON,8478468,NSH,D,26,79,18.61392405063291,-4.9,-0.8,-1.5,6,4,4,14
Thomas Chabot,THOMAS.CHABOT,8478469,OTT,D,26,51,23.045098039215684,9.3,1.5,3.0,9,9,12,30
Mathieu Joseph,MATHIEU.JOSEPH,8478472,OTT,R,26,72,16.47222222222222,7.3,1.2,2.3,11,16,8,35
Lawson Crouse,LAWSON.CROUSE,8478474,ARI,L,26,81,16.817283950617284,1.6,0.3,0.5,23,15,4,42
Mitchell Stephens,MITCHELL.STEPHENS,8478477,MTL,C,26,23,9.052173913043477,0.6,0.1,0.2,2,1,0,3
Mitch Marner,MITCH.MARNER,8478483,TOR,R,26,69,21.27246376811594,16.1,2.6,5.1,26,40,19,85
Joel Eriksson Ek,JOEL.ERIKSSON EK,8478493,MIN,C,26,77,20.527272727272727,17.0,2.8,5.4,30,15,19,64
Denis Gurianov,DENIS.GURIANOV,8478495,NSH/PHI,R,26,18,12.211111111111112,1.7,0.3,0.5,1,1,0,2
Jake Debrusk,JAKE.DEBRUSK,8478498,BOS,L,26,80,16.8325,4.1,0.7,1.3,19,14,7,40
Ivan Provorov,IVAN.PROVOROV,8478500,CBJ,D,26,82,22.162195121951218,0.1,0.0,0.0,5,13,14,32
Dennis Gilbert,DENNIS.GILBERT,8478502,CGY,D,26,34,12.282352941176471,-1.8,-0.3,-0.6,1,0,6,7
John Marino,JOHN.MARINO,8478507,N.J,D,26,75,20.957333333333334,3.3,0.5,1.1,4,7,13,24
Yakov Trenin,YAKOV.TRENIN,8478508,COL/NSH,C,26,76,14.572368421052632,2.7,0.4,0.8,12,3,2,17
Austin Czarnik,AUSTIN.CZARNIK,8478512,DET,C,30,34,8.438235294117646,-1.1,-0.2,-0.3,0,1,0,1
Anthony Cirelli,ANTHONY.CIRELLI,8478519,T.B,C,26,79,18.526582278481012,8.0,1.3,2.5,20,13,12,45
Evan Rodrigues,EVAN.RODRIGUES,8478542,FLA,C,30,80,15.1675,8.0,1.3,2.5,12,14,13,39
Artemi Panarin,ARTEMI.PANARIN,8478550,NYR,L,31,82,20.11951219512195,17.6,2.9,5.6,49,37,34,120
Noel Acciari,NOEL.ACCIARI,8478569,PIT,C,31,55,12.97090909090909,2.0,0.3,0.6,4,1,2,7
Derek Ryan,DEREK.RYAN,8478585,EDM,C,36,70,10.192857142857143,-0.5,-0.1,-0.2,5,5,2,12
Kevin Stenlund,KEVIN.STENLUND,8478831,FLA,C,26,81,12.603703703703703,-6.6,-1.1,-2.1,11,3,1,15
William Borgen,WILLIAM.BORGEN,8478840,SEA,D,26,82,17.585365853658537,2.6,0.4,0.8,3,12,10,25
Alex Carrier,ALEX.CARRIER,8478851,NSH,D,26,73,18.8,5.7,0.9,1.8,4,7,9,20
Ryan Shea,RYAN.SHEA,8478854,PIT,D,26,31,12.625806451612902,-3.9,-0.6,-1.2,1,0,0,1
Conor Garland,CONOR.GARLAND,8478856,VAN,R,27,82,14.539024390243902,20.2,3.3,6.4,20,18,9,47
Niko Mikkola,NIKO.MIKKOLA,8478859,FLA,D,27,82,20.036585365853657,2.1,0.3,0.7,3,6,8,17
Kirill Kaprizov,KIRILL.KAPRIZOV,8478864,MIN,L,26,75,21.577333333333332,23.3,3.8,7.4,46,33,17,96
Troy Terry,TROY.TERRY,8478873,ANA,R,26,76,18.288157894736845,13.7,2.2,4.3,20,22,12,54
Vladislav Gavrikov,VLADISLAV.GAVRIKOV,8478882,L.A,D,27,77,20.61948051948052,8.9,1.5,2.8,6,5,12,23
Mason Appleton,MASON.APPLETON,8478891,WPG,C,27,82,16.047560975609755,-2.2,-0.4,-0.7,14,12,10,36
Steven Lorentz,STEVEN.LORENTZ,8478904,FLA,C,27,38,8.786842105263156,-2.6,-0.4,-0.8,1,1,1,3
Matt Roy,MATT.ROY,8478911,L.A,D,28,81,20.895061728395063,10.7,1.8,3.4,5,12,8,25
Jalen Chatfield,JALEN.CHATFIELD,8478970,CAR,D,27,72,15.197222222222223,11.0,1.8,3.5,8,4,10,22
Mason Marchment,MASON.MARCHMENT,8478975,DAL,L,28,81,15.059259259259258,11.0,1.8,3.5,22,18,13,53
Philippe Myers,PHILIPPE.MYERS,8479026,T.B,D,26,5,11.7,-1.7,-0.3,-0.6,0,0,0,0
Ryan Lomberg,RYAN.LOMBERG,8479066,FLA,L,28,75,9.54,-1.7,-0.3,-0.5,5,2,0,7
Kevin Rooney,KEVIN.ROONEY,8479291,CGY,C,30,33,11.215151515151517,2.2,0.4,0.7,3,0,1,4
Brandon Tanev,BRANDON.TANEV,8479293,SEA,L,31,66,14.587878787878788,0.4,0.1,0.1,7,6,3,16
Matthew Tkachuk,MATTHEW.TKACHUK,8479314,FLA,L,25,80,18.64,15.3,2.5,4.9,26,43,20,89
Joey Anderson,JOEY.ANDERSON,8479315,CHI,R,25,55,13.547272727272727,9.1,1.5,2.9,5,10,2,17
Luke Kunin,LUKE.KUNIN,8479316,S.J,C,25,77,15.74025974025974,-12.2,-2.0,-3.9,11,7,0,18
Auston Matthews,AUSTON.MATTHEWS,8479318,TOR,C,25,81,20.966666666666665,32.6,5.3,10.4,69,24,14,107
Maxime Lajoie,MAXIME.LAJOIE,8479320,TOR,D,25,7,12.714285714285714,-0.9,-0.1,-0.3,0,0,1,1
Lucas Johansen,LUCAS.JOHANSEN,8479321,WSH,D,25,6,14.266666666666666,-1.7,-0.3,-0.5,0,1,0,1
Adam Fox,ADAM.FOX,8479323,NYR,D,25,72,23.443055555555556,18.5,3.0,5.9,17,25,31,73
Ryan Lindgren,RYAN.LINDGREN,8479324,NYR,D,25,76,19.346052631578946,3.5,0.6,1.1,3,5,9,17
Charlie McAvoy,CHARLIE.MCAVOY,8479325,BOS,D,25,74,24.845945945945946,13.0,2.1,4.1,12,16,19,47
Julien Gauthier,JULIEN.GAUTHIER,8479328,NYI,R,25,27,10.170370370370371,-1.3,-0.2,-0.4,5,2,2,9
Brandon Gignac,BRANDON.GIGNAC,8479330,MTL,C,25,7,11.642857142857142,-1.1,-0.2,-0.4,1,0,0,1
Carl Grundstrom,CARL.GRUNDSTROM,8479336,L.A,R,25,50,10.937999999999999,-2.7,-0.4,-0.8,8,2,2,12
Alex Debrincat,ALEX.DEBRINCAT,8479337,DET,R,25,82,17.89268292682927,14.9,2.4,4.7,27,26,14,67
Patrik Laine,PATRIK.LAINE,8479339,CBJ,L,25,18,15.216666666666665,0.5,0.1,0.2,6,2,1,9
Clayton Keller,CLAYTON.KELLER,8479343,ARI,R,25,78,19.246153846153845,4.9,0.8,1.5,33,27,16,76
Jesse Puljujarvi,JESSE.PULJUJARVI,8479344,PIT,R,25,22,9.19090909090909,1.9,0.3,0.6,3,1,0,4
Jakob Chychrun,JAKOB.CHYCHRUN,8479345,OTT,D,25,82,22.390243902439025,8.9,1.5,2.8,14,11,16,41
Dillon Dube,DILLON.DUBE,8479346,CGY,C,25,43,11.162790697674419,-3.4,-0.6,-1.1,3,1,3,7
Sam Steel,SAM.STEEL,8479351,DAL,C,25,77,13.241558441558443,2.3,0.4,0.7,9,13,2,24
Brett Howden,BRETT.HOWDEN,8479353,VGK,C,25,72,13.227777777777778,-5.2,-0.9,-1.7,8,9,2,19
Beck Malenstyn,BECK.MALENSTYN,8479359,WSH,L,25,81,14.24320987654321,4.3,0.7,1.4,6,12,3,21
Riley Tufte,RILEY.TUFTE,8479362,COL,L,25,5,11.120000000000001,-0.8,-0.1,-0.3,1,0,1,2
Trent Frederic,TRENT.FREDERIC,8479365,BOS,C,25,82,13.75609756097561,5.6,0.9,1.8,18,14,8,40
William Lockwood,WILLIAM.LOCKWOOD,8479367,FLA,R,25,26,8.2,1.1,0.2,0.3,0,0,1,1
Max Jones,MAX.JONES,8479368,ANA,L,25,52,12.057692307692308,1.3,0.2,0.4,5,8,2,15
Andrew Peeke,ANDREW.PEEKE,8479369,BOS/CBJ,D,25,38,16.400000000000002,-0.1,0.0,0.0,1,6,3,10
Tyson Jost,TYSON.JOST,8479370,BUF,C,25,43,10.595348837209302,-2.5,-0.4,-0.8,3,2,1,6
Dante Fabbro,DANTE.FABBRO,8479371,NSH,D,25,56,16.35,3.8,0.6,1.2,3,6,4,13
Josh Mahura,JOSH.MAHURA,8479372,FLA,D,25,30,12.593333333333334,2.3,0.4,0.7,0,3,6,9
Logan Stanley,LOGAN.STANLEY,8479378,WPG,D,25,25,13.767999999999999,-1.2,-0.2,-0.4,1,0,1,2
Givani Smith,GIVANI.SMITH,8479379,S.J,R,25,36,7.808333333333334,-2.1,-0.4,-0.7,1,3,0,4
Boris Katchouk,BORIS.KATCHOUK,8479383,CHI/OTT,L,25,59,11.477966101694916,1.0,0.2,0.3,7,3,3,13
Jordan Kyrou,JORDAN.KYROU,8479385,STL,C,25,82,18.33170731707317,12.5,2.0,4.0,31,22,14,67
Taylor Raddysh,TAYLOR.RADDYSH,8479390,CHI,R,25,73,15.88219178082192,-7.6,-1.2,-2.4,5,4,5,14
Noah Gregor,NOAH.GREGOR,8479393,TOR,C,25,63,11.398412698412699,-6.8,-1.1,-2.2,6,5,1,12
Samuel Girard,SAMUEL.GIRARD,8479398,COL,D,25,59,19.38135593220339,4.9,0.8,1.6,3,9,6,18
Pierre-Luc Dubois,PIERRE-LUC.DUBOIS,8479400,L.A,C,25,82,15.704878048780488,-0.6,-0.1,-0.2,16,15,9,40
Jake Bean,JAKE.BEAN,8479402,CBJ,D,25,72,16.327777777777776,0.2,0.0,0.1,4,6,3,13
Jesper Bratt,JESPER.BRATT,8479407,N.J,L,25,82,19.307317073170733,23.6,3.9,7.5,27,36,20,83
Mikhail Sergachev,MIKHAIL.SERGACHEV,8479410,T.B,D,25,34,22.555882352941175,-1.7,-0.3,-0.5,2,9,8,19
Nathan Bastian,NATHAN.BASTIAN,8479414,N.J,R,25,54,10.162962962962963,-2.4,-0.4,-0.7,5,3,4,12
Michael McLeod,MICHAEL.MCLEOD,8479415,N.J,C,25,45,15.144444444444444,12.2,2.0,3.9,10,4,5,19
Tage Thompson,TAGE.THOMPSON,8479420,BUF,C,25,71,18.116901408450705,9.8,1.6,3.1,29,16,11,56
Jacob Moverare,JACOB.MOVERARE,8479421,L.A,D,25,24,10.445833333333333,-0.6,-0.1,-0.2,1,0,0,1
Alex Nylander,ALEX.NYLANDER,8479423,CBJ/PIT,L,25,28,16.25,0.5,0.1,0.2,11,2,2,15
Filip Hronek,FILIP.HRONEK,8479425,VAN,D,25,81,23.441975308641975,10.9,1.8,3.5,5,14,29,48
Jacob MacDonald,JACOB.MACDONALD,8479439,S.J,D,30,34,12.020588235294117,0.9,0.1,0.3,7,1,1,9
Troy Stecher,TROY.STECHER,8479442,ARI/EDM,D,29,54,18.118518518518517,2.6,0.4,0.8,1,3,3,7
Nikita Zaitsev,NIKITA.ZAITSEV,8479458,CHI,D,31,38,15.93157894736842,0.6,0.1,0.2,2,3,2,7
Rem Pitlick,REM.PITLICK,8479514,CHI,C,26,9,15.58888888888889,-2.3,-0.4,-0.7,0,0,0,0
Brandon Duhaime,BRANDON.DUHAIME,8479520,COL/MIN,R,26,80,10.86,2.6,0.4,0.8,5,7,1,13
Hardy Haman Aktell,HARDY.HAMAN AKTELL,8479522,WSH,D,25,6,10.633333333333333,-0.7,-0.1,-0.2,0,0,1,1
Ross Colton,ROSS.COLTON,8479525,COL,C,27,80,13.71875,0.3,0.0,0.1,17,14,9,40
Axel Jonsson-Fjallby,AXEL.JONSSON-FJALLBY,8479536,WPG,L,25,26,8.111538461538462,0.7,0.1,0.2,2,3,0,5
Brandon Hagel,BRANDON.HAGEL,8479542,T.B,L,25,82,19.25609756097561,21.2,3.5,6.7,26,38,11,75
Michael Pezzetta,MICHAEL.PEZZETTA,8479543,MTL,L,25,61,7.795081967213115,1.9,0.3,0.6,3,6,3,12
Oskar Steen,OSKAR.STEEN,8479546,BOS,C,25,34,9.070588235294117,0.7,0.1,0.2,1,0,0,1
Matthew Phillips,MATTHEW.PHILLIPS,8479547,PIT/WSH,R,25,31,10.183870967741935,0.1,0.0,0.0,1,3,1,5
Vincent Desharnais,VINCENT.DESHARNAIS,8479576,EDM,D,27,78,15.726923076923077,-0.8,-0.1,-0.2,1,0,10,11
Michael Eyssimont,MICHAEL.EYSSIMONT,8479591,T.B,C,27,81,11.860493827160495,5.9,1.0,1.9,11,7,7,25
Michael Carcone,MICHAEL.CARCONE,8479619,ARI,L,27,74,11.27027027027027,-0.6,-0.1,-0.2,21,4,4,29
Justin Brazeau,JUSTIN.BRAZEAU,8479638,BOS,R,25,19,11.11578947368421,4.2,0.7,1.3,5,1,1,7
Tanner Jeannot,TANNER.JEANNOT,8479661,T.B,L,26,55,12.018181818181818,-0.7,-0.1,-0.2,7,2,5,14
Mathieu Olivier,MATHIEU.OLIVIER,8479671,CBJ,R,26,54,11.281481481481482,-0.4,-0.1,-0.1,5,3,4,12
Trevor Moore,TREVOR.MOORE,8479675,L.A,L,28,82,17.979268292682928,14.5,2.4,4.6,31,14,12,57
Alex Barre-Boulet,ALEX.BARRE-BOULET,8479718,T.B,C,26,36,11.18888888888889,-4.6,-0.8,-1.5,6,2,1,9
Zack MacEwen,ZACK.MACEWEN,8479772,OTT,R,27,30,6.3933333333333335,0.6,0.1,0.2,2,1,0,3
Justin Danforth,JUSTIN.DANFORTH,8479941,CBJ,R,30,71,14.273239436619718,5.7,0.9,1.8,10,8,8,26
Vinni Lettieri,VINNI.LETTIERI,8479968,MIN,C,28,46,9.58695652173913,0.1,0.0,0.0,5,3,1,9
Mason Shaw,MASON.SHAW,8479972,MIN,C,24,20,8.184999999999999,1.2,0.2,0.4,1,2,0,3
Juuso Valimaki,JUUSO.VALIMAKI,8479976,ARI,D,24,68,19.094117647058823,13.2,2.2,4.2,2,6,9,17
Kailer Yamamoto,KAILER.YAMAMOTO,8479977,SEA,R,24,59,11.991525423728813,0.6,0.1,0.2,8,4,4,16
Nicolas Hague,NICOLAS.HAGUE,8479980,VGK,D,24,73,18.552054794520547,3.0,0.5,0.9,2,4,6,12
Jonah Gadjovich,JONAH.GADJOVICH,8479981,FLA,L,24,39,7.430769230769231,-1.1,-0.2,-0.3,2,2,0,4
Conor Timmins,CONOR.TIMMINS,8479982,TOR,D,24,25,16.02,4.6,0.8,1.5,1,5,4,10
Mario Ferraro,MARIO.FERRARO,8479983,S.J,D,24,78,22.869230769230768,5.9,1.0,1.9,3,9,9,21
Cal Foote,CAL.FOOTE,8479984,N.J,D,24,4,14.775,0.6,0.1,0.2,0,1,0,1
Morgan Geekie,MORGAN.GEEKIE,8479987,BOS,C,25,76,15.409210526315789,7.3,1.2,2.3,17,10,12,39
Michael Rasmussen,MICHAEL.RASMUSSEN,8479992,DET,C,24,75,15.190666666666665,2.0,0.3,0.6,13,14,6,33
Jaret Anderson-Dolan,JARET.ANDERSON-DOLAN,8479994,L.A/NSH,C,24,31,11.048387096774194,-1.8,-0.3,-0.6,1,3,0,4
Cody Glass,CODY.GLASS,8479996,NSH,C,24,41,13.431707317073172,-8.6,-1.4,-2.7,6,4,3,13
Mikey Anderson,MIKEY.ANDERSON,8479998,L.A,D,24,74,20.62702702702703,5.0,0.8,1.6,2,8,8,18
Casey Mittelstadt,CASEY.MITTELSTADT,8479999,BUF/COL,C,24,80,17.73,15.0,2.5,4.8,18,19,20,57
Urho Vaakanainen,URHO.VAAKANAINEN,8480001,ANA,D,24,68,17.473529411764705,7.4,1.2,2.4,1,6,7,14
Nico Hischier,NICO.HISCHIER,8480002,N.J,C,24,71,19.48169014084507,8.8,1.4,2.8,27,24,16,67
Jesper Boqvist,JESPER.BOQVIST,8480003,BOS,C,24,47,11.148936170212766,5.1,0.8,1.6,6,5,3,14
Jonas Rondbjerg,JONAS.RONDBJERG,8480007,VGK,R,24,20,11.275,-1.7,-0.3,-0.5,1,2,0,3
Adam Ruzicka,ADAM.RUZICKA,8480008,ARI/CGY,C,24,42,10.026190476190477,-2.9,-0.5,-0.9,3,4,2,9
Eeli Tolvanen,EELI.TOLVANEN,8480009,SEA,R,24,81,15.641975308641975,-0.2,0.0,-0.1,16,14,11,41
Klim Kostin,KLIM.KOSTIN,8480011,DET/S.J,C,24,52,10.909615384615384,0.9,0.2,0.3,8,4,2,14
Elias Pettersson,ELIAS.PETTERSSON,8480012,VAN,C,24,82,19.65,27.3,4.5,8.7,34,31,24,89
Gabriel Vilardi,GABRIEL.VILARDI,8480014,WPG,C,24,47,17.00851063829787,7.3,1.2,2.3,22,12,2,36
Owen Tippett,OWEN.TIPPETT,8480015,PHI,R,24,78,16.593589743589742,8.8,1.4,2.8,28,17,8,53
Nick Suzuki,NICK.SUZUKI,8480018,MTL,C,24,82,21.264634146341464,13.4,2.2,4.3,33,25,19,77
Jack Studnicka,JACK.STUDNICKA,8480021,S.J/VAN,C,24,22,11.450000000000001,-3.8,-0.6,-1.2,1,0,0,1
Robert Thomas,ROBERT.THOMAS,8480023,STL,C,24,82,20.965853658536584,10.5,1.7,3.3,26,35,25,86
Mackenzie Entwistle,MACKENZIE.ENTWISTLE,8480025,CHI,R,24,67,11.386567164179104,-6.4,-1.0,-2.0,5,2,4,11
Jason Robertson,JASON.ROBERTSON,8480027,DAL,L,24,82,18.32439024390244,22.2,3.6,7.1,29,23,28,80
Morgan Frost,MORGAN.FROST,8480028,PHI,C,24,71,15.821126760563379,6.7,1.1,2.1,13,21,7,41
Shane Bowers,SHANE.BOWERS,8480032,N.J,C,24,8,9.4625,0.3,0.1,0.1,0,0,0,0
Henri Jokiharju,HENRI.JOKIHARJU,8480035,BUF,D,24,74,18.97972972972973,4.7,0.8,1.5,3,9,8,20
Miro Heiskanen,MIRO.HEISKANEN,8480036,DAL,D,24,71,24.540845070422538,19.3,3.2,6.1,9,22,23,54
Martin Necas,MARTIN.NECAS,8480039,CAR,C,24,77,17.355844155844157,-0.4,-0.1,-0.1,24,17,12,53
Timothy Liljegren,TIMOTHY.LILJEGREN,8480043,TOR,D,24,55,19.665454545454544,4.4,0.7,1.4,3,8,12,23
Dylan Samberg,DYLAN.SAMBERG,8480049,WPG,D,24,78,15.625641025641025,0.3,0.0,0.1,1,10,7,18
Pierre-Olivier Joseph,PIERRE-OLIVIER.JOSEPH,8480058,PIT,D,24,52,15.084615384615384,-0.8,-0.1,-0.2,2,5,4,11
Josh Norris,JOSH.NORRIS,8480064,OTT,C,24,50,17.637999999999998,-0.4,-0.1,-0.1,16,3,11,30
Ryan Poehling,RYAN.POEHLING,8480068,PHI,C,24,77,15.002597402597404,1.0,0.2,0.3,11,13,4,28
Cale Makar,CALE.MAKAR,8480069,COL,D,24,77,24.77012987012987,14.7,2.4,4.7,21,28,41,90
Ian Mitchell,IAN.MITCHELL,8480070,BOS,D,24,13,15.307692307692308,1.4,0.2,0.4,0,0,2,2
Erik Brannstrom,ERIK.BRANNSTROM,8480073,OTT,D,24,76,16.59078947368421,-2.0,-0.3,-0.6,3,7,10,20
Alex Texier,ALEX.TEXIER,8480074,CBJ,C,24,78,15.18076923076923,-7.9,-1.3,-2.5,12,11,7,30
Filip Chytil,FILIP.CHYTIL,8480078,NYR,C,24,10,15.930000000000001,2.0,0.3,0.6,0,4,2,6
Nick Desimone,NICK.DESIMONE,8480084,CGY/N.J,D,28,34,13.48235294117647,-0.6,-0.1,-0.2,2,1,4,7
Alex Iafallo,ALEX.IAFALLO,8480113,WPG,L,29,82,15.313414634146342,6.5,1.1,2.1,11,10,6,27
David Kampf,DAVID.KAMPF,8480144,TOR,C,28,78,13.487179487179487,-3.0,-0.5,-1.0,8,4,7,19
Neal Pionk,NEAL.PIONK,8480145,WPG,D,28,82,20.829268292682926,-0.9,-0.2,-0.3,5,6,22,33
Calle Rosen,CALLE.ROSEN,8480157,STL,D,29,6,12.666666666666666,-2.2,-0.4,-0.7,0,0,1,1
Jan Rutta,JAN.RUTTA,8480172,S.J,D,33,69,19.720289855072465,-4.4,-0.7,-1.4,5,6,8,19
Gustav Lindstrom,GUSTAV.LINDSTROM,8480184,ANA/MTL,D,24,46,15.4,4.1,0.7,1.3,3,5,2,10
Eetu Luostarinen,EETU.LUOSTARINEN,8480185,FLA,C,25,82,15.936585365853658,4.4,0.7,1.4,12,10,5,27
Fabian Zetterlund,FABIAN.ZETTERLUND,8480188,S.J,L,24,82,18.85609756097561,6.5,1.1,2.1,24,17,3,44
Johnathan Kovacevic,JOHNATHAN.KOVACEVIC,8480192,MTL,D,26,62,16.51774193548387,5.6,0.9,1.8,6,4,3,13
Jacob Bryson,JACOB.BRYSON,8480196,BUF,D,25,36,14.677777777777777,1.5,0.2,0.5,1,4,3,8
Emil Bemstrom,EMIL.BEMSTROM,8480205,CBJ/PIT,R/C,24,56,11.139285714285714,3.3,0.5,1.0,8,6,2,16
Drake Batherson,DRAKE.BATHERSON,8480208,OTT,R,25,82,18.173170731707316,7.1,1.2,2.3,28,29,9,66
Jacob Peterson,JACOB.PETERSON,8480216,S.J,C,24,6,13.25,-1.7,-0.3,-0.5,0,0,0,0
Noah Cates,NOAH.CATES,8480220,PHI,L,24,59,13.794915254237289,8.5,1.4,2.7,6,6,6,18
Sebastian Aho (D),SEBASTIAN.AHO2,8480222,NYI,D,27,58,16.391379310344828,-7.8,-1.3,-2.5,2,1,6,9
Olle Lycksell,OLLE.LYCKSELL,8480245,PHI,R,24,18,9.944444444444445,0.7,0.1,0.2,1,3,1,5
Nick Perbix,NICK.PERBIX,8480246,T.B,D,25,77,17.06233766233766,10.7,1.7,3.4,2,9,13,24
Cole Guttman,COLE.GUTTMAN,8480252,CHI,C,24,27,12.618518518518519,-1.6,-0.3,-0.5,4,1,3,8
Alexei Toropchenko,ALEXEI.TOROPCHENKO,8480281,STL,R,24,82,12.521951219512195,-3.1,-0.5,-1.0,14,5,2,21
Morgan Barron,MORGAN.BARRON,8480289,WPG,C,24,80,10.497499999999999,-1.0,-0.2,-0.3,11,3,4,18
Carson Meyer,CARSON.MEYER,8480292,CBJ,R,26,14,9.121428571428572,-0.7,-0.1,-0.2,1,1,0,2
Sean Walker,SEAN.WALKER,8480336,COL/PHI,D,28,81,19.225925925925925,12.1,2.0,3.8,10,9,10,29
Mark Kastelic,MARK.KASTELIC,8480355,OTT,C,24,63,7.723809523809524,2.7,0.4,0.9,5,1,4,10
Sean Durzi,SEAN.DURZI,8480434,ARI,D,24,76,22.718421052631577,7.6,1.3,2.4,9,11,21,41
Trey Fix-Wolansky,TREY.FIX-WOLANSKY,8480441,CBJ,R,24,11,10.990909090909092,-0.5,-0.1,-0.2,2,1,0,3
Parker Kelly,PARKER.KELLY,8480448,OTT,L,24,80,11.70625,3.9,0.6,1.2,8,5,5,18
Pius Suter,PIUS.SUTER,8480459,VAN,C,27,67,15.495522388059703,10.6,1.7,3.4,14,9,6,29
James Hamblin,JAMES.HAMBLIN,8480468,EDM,L,24,31,7.925806451612903,2.6,0.4,0.8,2,1,0,3
Zach Whitecloud,ZACH.WHITECLOUD,8480727,VGK,D,26,61,17.58360655737705,5.4,0.9,1.7,2,5,7,14
Kiefer Sherwood,KIEFER.SHERWOOD,8480748,NSH,L,28,68,12.170588235294119,5.5,0.9,1.8,10,11,6,27
Eric Robinson,ERIC.ROBINSON,8480762,BUF/CBJ,L,28,47,11.331914893617022,-3.9,-0.6,-1.2,3,5,2,10
Sheldon Rempal,SHELDON.REMPAL,8480776,VGK,R,28,9,9.966666666666667,0.1,0.0,0.0,2,0,1,3
Oliver Wahlstrom,OLIVER.WAHLSTROM,8480789,NYI,R,23,32,11.06875,-2.8,-0.5,-0.9,2,3,1,6
Martin Fehervary,MARTIN.FEHERVARY,8480796,WSH,D,23,66,19.631818181818183,4.3,0.7,1.4,3,5,8,16
Joel Farabee,JOEL.FARABEE,8480797,PHI,L,23,82,16.180487804878048,2.7,0.4,0.9,22,19,9,50
Philipp Kurashev,PHILIPP.KURASHEV,8480798,CHI,C,23,75,19.018666666666668,2.3,0.4,0.7,18,26,10,54
Quinn Hughes,QUINN.HUGHES,8480800,VAN,D,23,82,24.68536585365854,24.9,4.1,7.9,17,35,40,92
Brady Tkachuk,BRADY.TKACHUK,8480801,OTT,L,23,81,19.141975308641975,14.2,2.3,4.5,37,28,9,74
Ryan McLeod,RYAN.MCLEOD,8480802,EDM,C,23,81,14.241975308641974,10.2,1.7,3.2,12,15,3,30
Evan Bouchard,EVAN.BOUCHARD,8480803,EDM,D,23,81,22.99753086419753,22.5,3.7,7.2,18,25,39,82
Isac Lundestrom,ISAC.LUNDESTROM,8480806,ANA,C,23,46,14.341304347826087,3.3,0.5,1.1,5,5,1,11
Mattias Samuelsson,MATTIAS.SAMUELSSON,8480807,BUF,D,23,41,20.5,3.1,0.5,1.0,1,2,4,7
Joe Veleno,JOE.VELENO,8480813,DET,C,23,80,13.95625,3.3,0.5,1.0,12,8,8,28
K'Andre Miller,K'ANDRE.MILLER,8480817,NYR,D,23,80,21.5625,5.9,1.0,1.9,8,5,17,30
Filip Zadina,FILIP.ZADINA,8480821,S.J,R,23,72,13.340277777777779,-5.9,-1.0,-1.9,13,5,5,23
Alex Alexeyev,ALEX.ALEXEYEV,8480823,WSH,D,23,39,13.694871794871796,3.1,0.5,1.0,1,1,1,3
Jesperi Kotkaniemi,JESPERI.KOTKANIEMI,8480829,CAR,C,23,79,12.989873417721519,-1.8,-0.3,-0.6,12,11,4,27
Andrei Svechnikov,ANDREI.SVECHNIKOV,8480830,CAR,R,23,59,16.966101694915253,2.5,0.4,0.8,19,18,15,52
Ty Emberson,TY.EMBERSON,8480834,S.J,D,23,30,18.55,5.5,0.9,1.7,1,3,6,10
Jack Drury,JACK.DRURY,8480835,CAR,C,23,74,12.29054054054054,10.8,1.8,3.4,8,10,9,27
Jonathan Gruden,JONATHAN.GRUDEN,8480836,PIT,C,23,13,8.676923076923076,-0.6,-0.1,-0.2,1,0,0,1
Rasmus Dahlin,RASMUS.DAHLIN,8480839,BUF,D,23,81,25.42222222222222,5.0,0.8,1.6,20,24,15,59
Grigori Denisenko,GRIGORI.DENISENKO,8480844,VGK,L,23,6,10.85,-1.1,-0.2,-0.4,0,0,0,0
Rasmus Kupari,RASMUS.KUPARI,8480845,WPG,C,23,28,9.139285714285714,-0.8,-0.1,-0.3,0,1,0,1
Ty Dellandrea,TY.DELLANDREA,8480848,DAL,C,23,42,12.671428571428573,0.8,0.1,0.3,2,4,3,9
Barrett Hayton,BARRETT.HAYTON,8480849,ARI,C,23,33,17.015151515151516,2.9,0.5,0.9,3,3,4,10
Akil Thomas,AKIL.THOMAS,8480851,L.A,C,23,7,8.7,2.2,0.4,0.7,3,0,1,4
Liam Foudy,LIAM.FOUDY,8480853,CBJ/NSH,C,23,13,9.976923076923075,1.2,0.2,0.4,0,2,1,3
Jack McBain,JACK.MCBAIN,8480855,ARI,C,23,67,12.623880597014924,9.4,1.5,3.0,8,13,5,26
Kevin Bahl,KEVIN.BAHL,8480860,N.J,D,23,82,17.396341463414632,8.5,1.4,2.7,1,5,5,11
Noah Dobson,NOAH.DOBSON,8480865,NYI,D,23,79,24.517721518987344,14.3,2.3,4.5,10,35,25,70
Benoit-Olivier Groulx,BENOIT-OLIVIER.GROULX,8480870,ANA,C,23,45,12.188888888888888,-7.5,-1.2,-2.4,0,1,1,2
Adam Boqvist,ADAM.BOQVIST,8480871,CBJ,D,23,35,18.282857142857143,-3.8,-0.6,-1.2,1,5,4,10
Rasmus Sandin,RASMUS.SANDIN,8480873,WSH,D,23,68,21.11764705882353,-1.7,-0.3,-0.6,3,12,8,23
Adam Ginning,ADAM.GINNING,8480874,PHI,D,23,9,14.155555555555557,-0.9,-0.1,-0.3,1,0,0,1
Nils Lundkvist,NILS.LUNDKVIST,8480878,DAL,D,23,59,14.10677966101695,2.3,0.4,0.7,2,11,6,19
Jacob Bernard-Docker,JACOB.BERNARD-DOCKER,8480879,OTT,D,23,72,15.693055555555556,-0.3,-0.1,-0.1,4,7,3,14
Jakub Lauko,JAKUB.LAUKO,8480880,BOS,C,23,60,9.82,-0.4,-0.1,-0.1,2,6,2,10
Calen Addison,CALEN.ADDISON,8480884,MIN/S.J,D,23,72,17.26388888888889,-7.2,-1.2,-2.3,1,8,8,17
Jordan Harris,JORDAN.HARRIS,8480887,MTL,D,23,56,17.47142857142857,1.8,0.3,0.6,3,6,5,14
Michael Kesselring,MICHAEL.KESSELRING,8480891,ARI,D,23,65,15.792307692307693,5.6,0.9,1.8,5,7,9,21
Kirill Marchenko,KIRILL.MARCHENKO,8480893,CBJ,R,23,78,16.414102564102564,10.9,1.8,3.5,23,12,7,42
Ilya Lyubushkin,ILYA.LYUBUSHKIN,8480950,ANA/TOR,D,29,74,17.124324324324323,-6.9,-1.1,-2.2,0,4,4,8
Connor Dewar,CONNOR.DEWAR,8480980,MIN/TOR,C,24,74,11.65,4.8,0.8,1.5,11,5,3,19
Declan Chisholm,DECLAN.CHISHOLM,8480990,MIN/WPG,D,23,31,16.529032258064515,-0.1,0.0,0.0,3,4,2,9
Pontus Holmberg,PONTUS.HOLMBERG,8480995,TOR,R,24,54,11.56851851851852,7.8,1.3,2.5,7,6,4,17
Tyler Tucker,TYLER.TUCKER,8481006,STL,D,23,26,12.45,2.2,0.4,0.7,1,1,0,2
Jonatan Berggren,JONATAN.BERGGREN,8481013,DET,R,23,12,10.858333333333334,2.6,0.4,0.8,2,1,3,6
Alex Romanov,ALEX.ROMANOV,8481014,NYI,D,23,81,20.84074074074074,1.0,0.2,0.3,7,7,8,22
David Gustafsson,DAVID.GUSTAFSSON,8481019,WPG,C,23,39,9.25897435897436,0.1,0.0,0.0,3,2,2,7
Martin Pospisil,MARTIN.POSPISIL,8481028,CGY,C,23,63,12.719047619047618,-0.1,0.0,0.0,8,8,8,24
Jack St. Ivany,JACK.ST..IVANY,8481030,PIT,D,24,14,13.700000000000001,0.5,0.1,0.2,0,1,0,1
Paul Cotter,PAUL.COTTER,8481032,VGK,C,23,76,12.726315789473684,1.5,0.2,0.5,7,12,7,26
Cole Koepke,COLE.KOEPKE,8481043,T.B,L,25,9,6.699999999999999,1.4,0.2,0.4,0,1,1,2
Spencer Stastney,SPENCER.STASTNEY,8481056,NSH,D,23,20,15.985,1.9,0.3,0.6,2,1,1,4
Jesse Ylonen,JESSE.YLONEN,8481058,MTL,R,23,59,10.23728813559322,-3.0,-0.5,-1.0,4,2,2,8
Scott Perunovich,SCOTT.PERUNOVICH,8481059,STL,D,25,54,15.272222222222224,6.0,1.0,1.9,0,10,7,17
Angus Crookshank,ANGUS.CROOKSHANK,8481065,OTT,L,23,13,10.115384615384615,1.6,0.3,0.5,2,0,1,3
Yegor Sharangovich,YEGOR.SHARANGOVICH,8481068,CGY,C,25,82,17.31341463414634,3.1,0.5,1.0,31,18,10,59
Rafael Harvey-Pinard,RAFAEL.HARVEY-PINARD,8481093,MTL,L,24,45,12.637777777777778,1.8,0.3,0.6,2,7,1,10
Simon Benoit,SIMON.BENOIT,8481122,TOR,D,24,64,17.228125,3.3,0.5,1.1,1,1,3,5
Reese Johnson,REESE.JOHNSON,8481147,CHI,C,25,42,10.933333333333334,-0.2,0.0,-0.1,2,0,3,5
Jake Christiansen,JAKE.CHRISTIANSEN,8481161,CBJ,D,24,12,13.216666666666667,-1.2,-0.2,-0.4,0,1,1,2
Brayden Pachal,BRAYDEN.PACHAL,8481167,CGY/VGK,D,24,50,14.675999999999998,-2.4,-0.4,-0.8,2,3,2,7
Egor Zamula,EGOR.ZAMULA,8481178,PHI,D,23,66,16.046969696969697,2.1,0.4,0.7,5,7,9,21
Logan O'Connor,LOGAN.O'CONNOR,8481186,COL,R,27,57,14.950877192982457,5.7,0.9,1.8,13,7,5,25
John Ludvig,JOHN.LUDVIG,8481206,PIT,D,23,33,11.806060606060607,1.0,0.2,0.3,3,1,1,5
Kyle MacLean,KYLE.MACLEAN,8481237,NYI,C,24,32,10.103125,2.4,0.4,0.8,4,3,2,9
Samuel Fagemo,SAMUEL.FAGEMO,8481239,L.A/NSH,L,23,8,9.1875,-0.3,0.0,-0.1,1,0,0,1
Jacob Lucchini,JACOB.LUCCHINI,8481422,MIN,C,28,40,9.5975,-2.0,-0.3,-0.6,2,1,2,5
Mason Morelli,MASON.MORELLI,8481462,VGK,L,27,9,10.755555555555555,0.8,0.1,0.3,3,0,1,4
Nico Sturm,NICO.STURM,8481477,S.J,C,28,63,14.658730158730158,0.4,0.1,0.1,5,7,1,13
Blake Lizotte,BLAKE.LIZOTTE,8481481,L.A,C,25,62,11.820967741935483,3.4,0.6,1.1,7,6,2,15
Brett Leason,BRETT.LEASON,8481517,ANA,R,24,68,13.008823529411766,-0.2,0.0,-0.1,11,6,5,22
Ronnie Attard,RONNIE.ATTARD,8481521,PHI,D,24,12,15.383333333333333,-1.1,-0.2,-0.3,0,1,1,2
Peyton Krebs,PEYTON.KREBS,8481522,BUF,C,22,80,12.50625,-0.6,-0.1,-0.2,4,5,8,17
Bowen Byram,BOWEN.BYRAM,8481524,BUF/COL,D,22,73,20.34246575342466,-5.1,-0.8,-1.6,11,6,12,29
Kaedan Korczak,KAEDAN.KORCZAK,8481527,VGK,D,22,26,16.503846153846155,3.5,0.6,1.1,1,3,5,9
Dylan Cozens,DYLAN.COZENS,8481528,BUF,C,22,79,17.225316455696202,0.6,0.1,0.2,18,22,7,47
Alex Turcotte,ALEX.TURCOTTE,8481532,L.A,C,22,20,9.28,3.5,0.6,1.1,1,0,3,4
Trevor Zegras,TREVOR.ZEGRAS,8481533,ANA,C,22,31,17.09032258064516,-0.3,-0.1,-0.1,6,4,5,15
Raphael Lavoie,RAPHAEL.LAVOIE,8481534,EDM,C,22,7,7.285714285714286,-1.8,-0.3,-0.6,0,0,0,0
Nils Hoglander,NILS.HOGLANDER,8481535,VAN,L,22,80,12.10625,12.7,2.1,4.0,24,8,4,36
Nikita Okhotiuk,NIKITA.OKHOTIUK,8481537,CGY/S.J,D,22,52,15.913461538461538,-5.1,-0.8,-1.6,1,4,4,9
Cole Caufield,COLE.CAUFIELD,8481540,MTL,R,22,82,19.420731707317074,10.6,1.7,3.4,28,23,14,65
Samuel Bolduc,SAMUEL.BOLDUC,8481541,NYI,D,22,34,13.144117647058822,0.2,0.0,0.1,2,0,3,5
Moritz Seider,MORITZ.SEIDER,8481542,DET,D,22,82,22.358536585365854,-0.4,-0.1,-0.1,9,17,16,42
Nikita Alexandrov,NIKITA.ALEXANDROV,8481543,STL,C,22,23,8.52608695652174,0.4,0.1,0.1,0,0,2,2
Cam York,CAM.YORK,8481546,PHI,D,22,82,22.63170731707317,-0.7,-0.1,-0.2,10,5,15,30
Adam Beckman,ADAM.BECKMAN,8481550,MIN,L,22,11,9.409090909090908,-1.8,-0.3,-0.6,0,1,1,2
Bobby Brink,BOBBY.BRINK,8481553,PHI,R,22,57,13.78421052631579,0.8,0.1,0.3,11,9,3,23
Kaapo Kakko,KAAPO.KAKKO,8481554,NYR,R,22,61,13.278688524590164,-2.8,-0.5,-0.9,13,4,2,19
John Beecher,JOHN.BEECHER,8481556,BOS,C,22,52,10.623076923076923,-0.2,0.0,-0.1,7,3,0,10
Matt Boldy,MATT.BOLDY,8481557,MIN,L,22,75,18.910666666666668,18.0,3.0,5.7,29,26,14,69
Jack Hughes,JACK.HUGHES,8481559,N.J,C,22,62,20.9741935483871,13.6,2.2,4.3,27,29,18,74
Arthur Kaliyev,ARTHUR.KALIYEV,8481560,L.A,R,22,51,11.801960784313724,2.3,0.4,0.7,7,7,1,15
Ryan Johnson (D),RYAN.JOHNSON2,8481564,BUF,D,22,41,13.865853658536585,1.0,0.2,0.3,0,4,3,7
Henry Thrun,HENRY.THRUN,8481567,S.J,D,22,51,20.0,-1.6,-0.3,-0.5,3,4,4,11
Alex Vlasic,ALEX.VLASIC,8481568,CHI,D,22,76,21.478947368421053,15.7,2.6,5.0,2,5,9,16
Philip Tomasino,PHILIP.TOMASINO,8481577,NSH,C,22,41,12.573170731707316,-0.1,0.0,0.0,7,7,6,20
Connor McMichael,CONNOR.MCMICHAEL,8481580,WSH,C,22,80,15.986250000000002,-6.0,-1.0,-1.9,18,10,5,33
Thomas Harley,THOMAS.HARLEY,8481581,DAL,D,22,79,21.01645569620253,19.4,3.2,6.2,15,14,18,47
Nicholas Robertson,NICHOLAS.ROBERTSON,8481582,TOR,L,22,56,11.376785714285715,4.4,0.7,1.4,14,7,6,27
Jakob Pelletier,JAKOB.PELLETIER,8481592,CGY,L,22,13,9.26923076923077,0.5,0.1,0.2,1,0,2,3
Jayden Struble,JAYDEN.STRUBLE,8481593,MTL,D,22,56,16.1125,-5.1,-0.8,-1.6,3,3,4,10
Shane Pinto,SHANE.PINTO,8481596,OTT,C,22,41,18.109756097560975,4.8,0.8,1.5,9,10,8,27
Philip Broberg,PHILIP.BROBERG,8481598,EDM,D,22,12,11.616666666666667,0.8,0.1,0.3,0,2,0,2
Tobias Bjornfot,TOBIAS.BJORNFOT,8481600,FLA/L.A/VGK,D,22,4,13.8,-0.8,-0.1,-0.3,0,0,0,0
Simon Holmstrom,SIMON.HOLMSTROM,8481601,NYI,R,22,75,13.317333333333332,-1.7,-0.3,-0.5,15,10,0,25
Pavel Dorofeyev,PAVEL.DOROFEYEV,8481604,VGK,L,22,47,13.27659574468085,7.2,1.2,2.3,13,7,4,24
Jackson Lacombe,JACKSON.LACOMBE,8481605,ANA,D,22,71,19.377464788732393,-1.7,-0.3,-0.5,2,10,5,17
Jordan Spence,JORDAN.SPENCE,8481606,L.A,D,22,71,14.426760563380281,8.9,1.5,2.8,2,13,9,24
Vladislav Kolyachonok,VLADISLAV.KOLYACHONOK,8481609,ARI,D,22,5,12.48,3.4,0.5,1.1,1,1,2,4
Vasily Podkolzin,VASILY.PODKOLZIN,8481617,VAN,R,22,19,10.799999999999999,-2.1,-0.3,-0.7,0,1,1,2
Alex Newhook,ALEX.NEWHOOK,8481618,MTL,C,22,55,16.927272727272726,2.7,0.4,0.9,15,7,12,34
Ilya Mikheyev,ILYA.MIKHEYEV,8481624,VAN,R,28,78,14.264102564102563,4.4,0.7,1.4,11,10,10,31
Joel Kiviranta,JOEL.KIVIRANTA,8481641,COL,L,27,56,9.839285714285714,1.6,0.3,0.5,3,3,3,9
Aliaksei Protas,ALIAKSEI.PROTAS,8481656,WSH,C,22,78,13.746153846153847,10.7,1.8,3.4,6,13,10,29
Maxence Guenette,MAXENCE.GUENETTE,8481679,OTT,D,22,7,13.785714285714286,-2.3,-0.4,-0.7,0,0,0,0
Santeri Hatakka,SANTERI.HATAKKA,8481701,N.J,D,22,12,14.65,3.0,0.5,0.9,0,0,2,2
Valtteri Puustinen,VALTTERI.PUUSTINEN,8481703,PIT,R,24,52,11.748076923076923,4.9,0.8,1.6,5,10,5,20
Juuso Parssinen,JUUSO.PARSSINEN,8481704,NSH,C,22,44,14.6,-5.1,-0.8,-1.6,8,0,4,12
Zac Jones,ZAC.JONES,8481708,NYR,D,22,31,14.629032258064516,1.2,0.2,0.4,2,4,3,9
Matias MacCelli,MATIAS.MACCELLI,8481711,ARI,L,22,82,16.234146341463415,10.6,1.7,3.4,17,26,14,57
Dmitri Voronkov,DMITRI.VORONKOV,8481716,CBJ,L,23,75,13.457333333333333,4.2,0.7,1.4,18,10,6,34
Maxwell Crozier,MAXWELL.CROZIER,8481719,T.B,D,23,13,13.107692307692307,2.5,0.4,0.8,0,2,0,2
Adam Edstrom,ADAM.EDSTROM,8481726,NYR,C,22,11,8.409090909090908,0.1,0.0,0.0,2,0,0,2
Marc Del Gaizo,MARC.DEL GAIZO,8481743,NSH,D,23,9,16.466666666666665,1.6,0.3,0.5,0,0,3,3
Lukas Rousek,LUKAS.ROUSEK,8481751,BUF,R,24,15,10.626666666666667,0.5,0.1,0.1,0,1,1,2
Tye Kartye,TYE.KARTYE,8481789,SEA,L,22,77,11.836363636363636,2.2,0.4,0.7,11,4,5,20
Louis Crevier,LOUIS.CREVIER,8481806,CHI,D,22,24,15.683333333333332,-5.1,-0.8,-1.6,0,1,2,3
Nikolai Knyzhov,NIKOLAI.KNYZHOV,8481812,S.J,D,25,10,17.64,-0.4,-0.1,-0.1,0,0,1,1
Drew O'Connor,DREW.O'CONNOR,8482055,PIT,L,25,79,15.745569620253166,2.7,0.4,0.9,16,11,6,33
Brandon Biro,BRANDON.BIRO,8482061,BUF,L,25,5,10.84,-0.1,0.0,0.0,2,0,0,2
Cole Smith,COLE.SMITH,8482062,NSH,L,27,80,13.690000000000001,0.9,0.1,0.3,9,7,7,23
Mitchell Chaffee,MITCHELL.CHAFFEE,8482070,T.B,R,25,30,11.243333333333334,-0.3,0.0,-0.1,4,1,2,7
Braden Schneider,BRADEN.SCHNEIDER,8482073,NYR,D,21,82,15.902439024390244,6.9,1.1,2.2,5,5,9,19
Connor Zary,CONNOR.ZARY,8482074,CGY,C,21,63,15.273015873015874,10.0,1.6,3.2,14,11,9,34
Dylan Holloway,DYLAN.HOLLOWAY,8482077,EDM,L,21,38,11.371052631578948,0.3,0.0,0.1,6,0,3,9
Lucas Raymond,LUCAS.RAYMOND,8482078,DET,L,21,82,17.752439024390245,13.0,2.1,4.1,31,24,17,72
Marco Rossi,MARCO.ROSSI,8482079,MIN,C,21,82,16.73048780487805,3.9,0.6,1.3,21,10,9,40
Kaiden Guhle,KAIDEN.GUHLE,8482087,MTL,D,21,70,20.85142857142857,6.9,1.1,2.2,6,7,9,22
Jake Neighbours,JAKE.NEIGHBOURS,8482089,STL,L,21,77,15.706493506493509,6.4,1.1,2.0,27,9,2,38
Ridly Greig,RIDLY.GREIG,8482092,OTT,C,21,72,14.743055555555555,8.4,1.4,2.7,13,10,3,26
Seth Jarvis,SETH.JARVIS,8482093,CAR,C,21,81,18.750617283950618,24.1,4.0,7.7,33,20,14,67
Daemon Hunt,DAEMON.HUNT,8482094,MIN,D,21,12,11.508333333333333,-2.9,-0.5,-0.9,0,0,1,1
Tyler Kleven,TYLER.KLEVEN,8482095,OTT,D,21,9,12.644444444444444,-0.7,-0.1,-0.2,0,1,0,1
Jack Quinn,JACK.QUINN,8482097,BUF,R,21,27,15.64074074074074,1.8,0.3,0.6,9,5,5,19
Danil Gushchin,DANIL.GUSHCHIN,8482101,S.J,L,21,4,14.675,-0.8,-0.1,-0.3,1,1,0,2
Jake Sanderson,JAKE.SANDERSON,8482105,OTT,D,21,79,23.217721518987343,11.8,1.9,3.8,10,12,16,38
Alexis Lafrenire,ALEXIS.LAFRENIRE,8482109,NYR,L,21,82,17.26707317073171,8.5,1.4,2.7,28,20,9,57
Dawson Mercer,DAWSON.MERCER,8482110,N.J,C,21,82,17.217073170731705,-3.5,-0.6,-1.1,20,6,7,33
Justin Barron,JUSTIN.BARRON,8482111,MTL,D,21,48,18.627083333333335,-2.3,-0.4,-0.7,7,2,4,13
Anton Lundell,ANTON.LUNDELL,8482113,FLA,C,21,78,15.375641025641025,-0.7,-0.1,-0.2,13,11,11,35
Tim Sttzle,TIM.STTZLE,8482116,OTT,C,21,75,21.11866666666667,14.6,2.4,4.6,18,19,33,70
Lukas Reichel,LUKAS.REICHEL,8482117,CHI,L,21,65,14.11076923076923,-11.2,-1.8,-3.6,5,7,4,16
Brock Faber,BROCK.FABER,8482122,MIN,D,21,82,24.97439024390244,10.7,1.8,3.4,8,18,21,47
Quinton Byfield,QUINTON.BYFIELD,8482124,L.A,C/R,21,80,16.485,14.5,2.4,4.6,20,21,14,55
Alex Holtz,ALEX.HOLTZ,8482125,N.J,R,21,82,11.634146341463415,-2.2,-0.4,-0.7,16,6,6,28
Emil Andrae,EMIL.ANDRAE,8482126,PHI,D,21,4,13.0,0.5,0.1,0.2,0,0,0,0
Thomas Bordeleau,THOMAS.BORDELEAU,8482133,S.J,C,21,27,15.025925925925925,-1.4,-0.2,-0.4,6,3,2,11
Jamie Drysdale,JAMIE.DRYSDALE,8482142,ANA/PHI,D,21,34,19.623529411764707,-9.2,-1.5,-2.9,3,4,3,10
Luke Evangelista,LUKE.EVANGELISTA,8482146,NSH,R,21,80,13.955000000000002,10.9,1.8,3.5,16,17,6,39
Hendrix Lapierre,HENDRIX.LAPIERRE,8482148,WSH,C,21,51,11.437254901960783,4.6,0.7,1.5,8,4,10,22
Cole Perfetti,COLE.PERFETTI,8482149,WPG,C,21,71,13.588732394366197,9.9,1.6,3.1,19,16,3,38
Brendan Brisson,BRENDAN.BRISSON,8482153,VGK,C,21,15,12.34,2.7,0.4,0.9,2,3,3,8
Alex Laferriere,ALEX.LAFERRIERE,8482155,L.A,R,21,81,13.219753086419752,-3.2,-0.5,-1.0,12,7,4,23
Will Cuylle,WILL.CUYLLE,8482157,NYR,L,21,81,11.123456790123457,3.0,0.5,0.9,13,4,4,21
Tyson Foerster,TYSON.FOERSTER,8482159,PHI,R,21,77,17.266233766233768,12.3,2.0,3.9,20,6,7,33
Roby Jarventie,ROBY.JARVENTIE,8482162,OTT,L,21,7,7.514285714285714,-1.6,-0.3,-0.5,0,0,1,1
Shakir Mukhamadullin,SHAKIR.MUKHAMADULLIN,8482166,S.J,D,21,3,21.166666666666668,-0.9,-0.1,-0.3,0,1,0,1
Landon Slaggert,LANDON.SLAGGERT,8482172,CHI,L,21,16,11.2625,0.2,0.0,0.1,1,1,2,4
Jj Peterka,JJ.PETERKA,8482175,BUF,R,21,82,16.39268292682927,15.0,2.5,4.8,28,10,12,50
Wyatt Kaiser,WYATT.KAISER,8482176,CHI,D,21,32,17.3125,2.1,0.3,0.7,0,1,6,7
Marat Khusnutdinov,MARAT.KHUSNUTDINOV,8482177,MIN,C,21,16,13.1125,-0.1,0.0,0.0,1,0,3,4
Isaak Phillips,ISAAK.PHILLIPS,8482192,CHI,D,21,33,17.07272727272727,-10.1,-1.7,-3.2,0,3,3,6
Alex Barabanov,ALEX.BARABANOV,8482222,S.J,L,29,46,15.871739130434783,-4.8,-0.8,-1.5,4,3,6,13
Radim Zohorna,RADIM.ZOHORNA,8482241,PIT,L,27,33,9.763636363636364,-0.1,0.0,0.0,4,2,1,7
Artem Zub,ARTEM.ZUB,8482245,OTT,D,27,69,21.017391304347825,8.5,1.4,2.7,5,11,9,25
Bobby McMann,BOBBY.MCMANN,8482259,TOR,C,27,56,11.55892857142857,6.5,1.1,2.1,15,3,6,24
Mikael Pyyhtia,MIKAEL.PYYHTIA,8482451,CBJ,L,21,17,13.147058823529411,-3.4,-0.6,-1.1,0,2,0,2
Matt Rempe,MATT.REMPE,8482460,NYR,C,21,17,5.623529411764705,0.9,0.1,0.3,1,1,0,2
Ilya Solovyov,ILYA.SOLOVYOV,8482470,CGY,D,23,10,15.89,-2.8,-0.5,-0.9,0,1,2,3
Yegor Chinakhov,YEGOR.CHINAKHOV,8482475,CBJ,R,22,53,15.154716981132076,8.7,1.4,2.8,16,9,4,29
Nils Aman,NILS.AMAN,8482496,VAN,C,23,43,10.334883720930232,1.2,0.2,0.4,3,3,1,7
Mason Lohrei,MASON.LOHREI,8482511,BOS,D,22,41,16.958536585365852,0.7,0.1,0.2,4,3,6,13
Matthew Kessel,MATTHEW.KESSEL,8482516,STL,D,23,39,16.794871794871796,-1.5,-0.2,-0.5,1,2,4,7
Daniil Miromanov,DANIIL.MIROMANOV,8482624,CGY/VGK,D,26,24,20.720833333333335,0.6,0.1,0.2,3,2,2,7
Walker Duehr,WALKER.DUEHR,8482652,CGY,R,25,40,8.115,-0.4,-0.1,-0.1,2,4,1,7
Janis Moser,JANIS.MOSER,8482655,ARI,D,23,80,20.57125,-7.5,-1.2,-2.4,5,8,13,26
Josh Doan,JOSH.DOAN,8482659,ARI,R,21,11,12.30909090909091,4.0,0.7,1.3,5,2,2,9
Kent Johnson,KENT.JOHNSON,8482660,CBJ,C,20,42,13.542857142857141,2.3,0.4,0.7,6,6,4,16
Matty Beniers,MATTY.BENIERS,8482665,SEA,C,20,77,17.963636363636365,1.6,0.3,0.5,15,15,7,37
William Eklund,WILLIAM.EKLUND,8482667,S.J,L,20,80,18.661250000000003,6.3,1.0,2.0,16,16,13,45
Owen Power,OWEN.POWER,8482671,BUF,D,20,76,22.919736842105266,10.9,1.8,3.5,6,13,14,33
Matt Coronato,MATT.CORONATO,8482679,CGY,R,20,34,12.611764705882353,0.3,0.0,0.1,3,4,2,9
Luke Hughes,LUKE.HUGHES,8482684,N.J,D,20,82,21.47439024390244,1.1,0.2,0.4,9,16,22,47
Dylan Guenther,DYLAN.GUENTHER,8482699,ARI,R,20,45,16.28,8.2,1.4,2.6,18,11,6,35
Logan Stankoven,LOGAN.STANKOVEN,8482702,DAL,C,20,24,14.670833333333334,7.3,1.2,2.3,6,5,3,14
Cole Sillinger,COLE.SILLINGER,8482705,CBJ,C,20,77,16.11948051948052,-2.8,-0.5,-0.9,13,12,7,32
Mackie Samoskevich,MACKIE.SAMOSKEVICH,8482713,FLA,R,20,7,12.042857142857143,-2.1,-0.3,-0.7,0,0,0,0
Matthew Knies,MATTHEW.KNIES,8482720,TOR,L,20,80,13.6775,6.0,1.0,1.9,15,12,8,35
Brandt Clarke,BRANDT.CLARKE,8482730,L.A,D,20,16,13.65,-2.9,-0.5,-0.9,2,3,1,6
Zachary Bolduc,ZACHARY.BOLDUC,8482737,STL,C,20,25,12.015999999999998,2.3,0.4,0.7,5,1,3,9
Wyatt Johnston,WYATT.JOHNSTON,8482740,DAL,C,20,82,17.002439024390245,11.3,1.9,3.6,32,25,8,65
James Malatesta,JAMES.MALATESTA,8482744,CBJ,L,20,11,10.218181818181819,-0.6,-0.1,-0.2,2,0,2,4
Mason McTavish,MASON.MCTAVISH,8482745,ANA,C,20,64,16.2765625,5.5,0.9,1.7,19,16,7,42
Joshua Roy,JOSHUA.ROY,8482749,MTL,R,20,23,12.139130434782608,2.4,0.4,0.8,4,4,1,9
Ryan Winterton,RYAN.WINTERTON,8482751,SEA,C,20,9,9.333333333333334,-0.7,-0.1,-0.2,0,0,0,0
Simon Edvinsson,SIMON.EDVINSSON,8482762,DET,D,20,16,18.25625,3.8,0.6,1.2,1,1,0,2
Isak Rosen,ISAK.ROSEN,8482765,BUF,R,20,7,8.585714285714285,-1.1,-0.2,-0.3,0,0,0,0
Zach Dean,ZACH.DEAN,8482784,STL,C,20,9,10.555555555555555,-3.3,-0.5,-1.1,0,0,0,0
Olen Zellweger,OLEN.ZELLWEGER,8482803,ANA,D,20,26,19.284615384615385,-0.9,-0.1,-0.3,2,4,3,9
Ryker Evans,RYKER.EVANS,8482858,SEA,D,21,36,19.177777777777777,2.6,0.4,0.8,1,8,0,9
Zack Ostapchuk,ZACK.OSTAPCHUK,8482859,OTT,C,20,7,10.5,-1.6,-0.3,-0.5,0,0,0,0
Vincent Iorio,VINCENT.IORIO,8482861,WSH,D,20,6,9.833333333333334,0.7,0.1,0.2,0,0,0,0
Emil Martinsen Lilleberg,EMIL.MARTINSEN LILLEBERG,8482929,T.B,D,22,37,16.186486486486487,-0.8,-0.1,-0.2,0,3,2,5
Arber Xhekaj,ARBER.XHEKAJ,8482964,MTL,D,22,44,15.927272727272726,1.6,0.3,0.5,3,6,1,10
Logan Morrison,LOGAN.MORRISON,8483012,SEA,C,21,4,13.125,0.0,0.0,0.0,0,0,0,0
Arshdeep Bains,ARSHDEEP.BAINS,8483395,VAN,L,22,8,11.8,-2.8,-0.5,-0.9,0,0,0,0
Logan Cooley,LOGAN.COOLEY,8483431,ARI,C,19,82,15.814634146341463,3.5,0.6,1.1,20,18,6,44
David Jiricek,DAVID.JIRICEK,8483460,CBJ,D,19,43,14.597674418604653,-4.8,-0.8,-1.5,1,5,4,10
Kevin Korchinski,KEVIN.KORCHINSKI,8483466,CHI,D,19,76,19.61578947368421,-11.1,-1.8,-3.5,5,4,6,15
Tristan Luneau,TRISTAN.LUNEAU,8483482,ANA,D,19,7,17.87142857142857,-1.2,-0.2,-0.4,1,0,2,3
Pavel Mintyukov,PAVEL.MINTYUKOV,8483490,ANA,D,19,63,18.844444444444445,0.0,0.0,0.0,4,10,14,28
Ivan Miroshnichenko,IVAN.MIROSHNICHENKO,8483491,WSH,L,19,21,12.138095238095238,-0.5,-0.1,-0.2,2,1,3,6
Simon Nemec,SIMON.NEMEC,8483495,N.J,D,19,60,19.863333333333333,4.9,0.8,1.5,3,13,3,19
Liam Ohgren,LIAM.OHGREN,8483499,MIN,L,19,4,14.5,0.6,0.1,0.2,1,0,1,2
Matthew Poitras,MATTHEW.POITRAS,8483505,BOS,C,19,33,13.396969696969698,2.6,0.4,0.8,5,4,6,15
Juraj Slafkovsky,JURAJ.SLAFKOVSKY,8483515,MTL,L,19,82,17.93536585365854,4.3,0.7,1.4,20,19,11,50
Shane Wright,SHANE.WRIGHT,8483524,SEA,C,19,8,13.5375,2.5,0.4,0.8,4,1,0,5
Nick Blankenburg,NICK.BLANKENBURG,8483565,CBJ,D,25,12,16.208333333333332,0.1,0.0,0.0,1,0,0,1
Ben Meyers,BEN.MEYERS,8483570,ANA/COL,C,24,23,10.108695652173912,-0.2,0.0,-0.1,1,1,1,3
Milos Kelemen,MILOS.KELEMEN,8483597,ARI,L,24,10,7.68,-1.4,-0.2,-0.5,0,0,1,1
Filip Roos,FILIP.ROOS,8483619,CHI,D,24,4,14.725,-1.8,-0.3,-0.6,0,0,0,0
Pavol Regenda,PAVOL.REGENDA,8483630,ANA,L,23,5,11.559999999999999,-0.5,-0.1,-0.2,0,0,0,0
Andrei Kuzmenko,ANDREI.KUZMENKO,8483808,CGY/VAN,L,27,72,14.884722222222223,15.2,2.5,4.8,22,13,11,46
Connor Bedard,CONNOR.BEDARD,8484144,CHI,C,18,68,19.78235294117647,7.0,1.2,2.2,22,28,11,61
Zach Benson,ZACH.BENSON,8484145,BUF,L,18,71,14.516901408450705,1.1,0.2,0.4,11,11,8,30
Leo Carlsson,LEO.CARLSSON,8484153,ANA,C,18,55,18.10909090909091,6.7,1.1,2.1,12,11,6,29
Adam Fantilli,ADAM.FANTILLI,8484166,CBJ,C,18,49,15.710204081632652,-0.4,-0.1,-0.1,12,10,5,27
Jason Polin,JASON.POLIN,8484255,COL,R,24,7,7.428571428571429,0.3,0.0,0.1,1,0,0,1
Sam Malinski,SAM.MALINSKI,8484258,COL,D,25,23,14.226086956521739,3.9,0.6,1.3,3,1,6,10
Uvis Balinskis,UVIS.BALINSKIS,8484304,FLA,D,27,26,14.100000000000001,-0.1,0.0,0.0,1,1,1,3
Jiri Smejkal,JIRI.SMEJKAL,8484314,OTT,L,26,20,9.48,-2.3,-0.4,-0.7,1,1,0,2
Waltteri Merela,WALTTERI.MERELA,8484325,T.B,C,25,19,9.81578947368421,-0.6,-0.1,-0.2,1,0,0,1
Collin Graf,COLLIN.GRAF,8484911,S.J,R,20,7,16.6,-0.9,-0.1,-0.3,0,0,2,2
