First_Name,Last_Name,Contract_Length,Cap_Hit,Start_Year,Expiry_Year,Signing_Status,Expiry_Status
Nathan,MacKinnon,8,"$12,600,000",2023-24,2030-31,UFA+ARBUFA,UFA+ARBUFA
Connor,McDavid,8,"$12,500,000",2018-19,2025-26,RFA+ARBRFA,UFA+ARBUFA
Artemi,Panarin,7,"$11,642,857",2019-20,2025-26,UFA+ARBUFA,UFA+ARBUFA
Auston,Matthews,5,"$11,640,250",2019-20,2023-24,RFA+ARBRFA,UFA+ARBUFA
Erik,Karlsson,8,"$11,500,000",2019-20,2026-27,UFA+ARBUFA,UFA+ARBUFA
David,Pastrnak,8,"$11,250,000",2023-24,2030-31,UFA+ARBUFA,UFA+ARBUFA
John,Tavares,7,"$11,000,000",2018-19,2024-25,UFA+ARBUFA,UFA+ARBUFA
Drew,Doughty,8,"$11,000,000",2019-20,2026-27,UFA+ARBUFA,UFA+ARBUFA
Mitchell,Marner,6,"$10,903,000",2019-20,2024-25,RFA+ARBRFA,UFA+ARBUFA
Jonathan,Huberdeau,8,"$10,500,000",2023-24,2030-31,UFA+ARBUFA,UFA+ARBUFA
Jack,Eichel,8,"$10,000,000",2018-19,2025-26,RFA+ARBRFA,UFA+ARBUFA
Anze,Kopitar,8,"$10,000,000",2016-17,2023-24,UFA+ARBUFA,UFA+ARBUFA
Aleksander,Barkov,8,"$10,000,000",2022-23,2029-30,UFA+ARBUFA,UFA+ARBUFA
Tyler,Seguin,8,"$9,850,000",2019-20,2026-27,UFA+ARBUFA,UFA+ARBUFA
Johnny,Gaudreau,7,"$9,750,000",2022-23,2028-29,UFA+ARBUFA,UFA+ARBUFA
Zach,Werenski,6,"$9,583,333",2022-23,2027-28,RFA+ARBRFA,UFA+ARBUFA
Seth,Jones,8,"$9,500,000",2022-23,2029-30,UFA+ARBUFA,UFA+ARBUFA
Charlie,McAvoy,8,"$9,500,000",2022-23,2029-30,RFA+ARBRFA,UFA+ARBUFA
Matthew,Tkachuk,8,"$9,500,000",2022-23,2029-30,RFA+ARBRFA,UFA+ARBUFA
Adam,Fox,7,"$9,500,000",2022-23,2028-29,RFA+ARBRFA,UFA+ARBUFA
Nikita,Kucherov,8,"$9,500,000",2019-20,2026-27,RFA+ARBRFA,UFA+ARBUFA
Brayden,Point,8,"$9,500,000",2022-23,2029-30,RFA+ARBRFA,UFA+ARBUFA
Alex,Ovechkin,5,"$9,500,000",2021-22,2025-26,UFA+ARBUFA,UFA+ARBUFA
Mark,Stone,8,"$9,500,000",2019-20,2026-27,UFA+ARBUFA,UFA+ARBUFA
Jamie,Benn,8,"$9,500,000",2017-18,2024-25,UFA+ARBUFA,UFA+ARBUFA
Darnell,Nurse,8,"$9,250,000",2022-23,2029-30,UFA+ARBUFA,UFA+ARBUFA
Mikko,Rantanen,6,"$9,250,000",2019-20,2024-25,RFA+ARBRFA,UFA+ARBUFA
Nicklas,Backstrom,5,"$9,200,000",2020-21,2024-25,UFA+ARBUFA,UFA+ARBUFA
Mathew,Barzal,8,"$9,150,000",2023-24,2030-31,RFA+ARBRFA,UFA+ARBUFA
Roman,Josi,8,"$9,059,000",2020-21,2027-28,UFA+ARBUFA,UFA+ARBUFA
Cale,Makar,6,"$9,000,000",2021-22,2026-27,RFA+ARBRFA,UFA+ARBUFA
Kirill,Kaprizov,5,"$9,000,000",2021-22,2025-26,RFA+ARBRFA,UFA+ARBUFA
Dougie,Hamilton,7,"$9,000,000",2021-22,2027-28,UFA+ARBUFA,UFA+ARBUFA
Alex,Pietrangelo,7,"$8,800,000",2020-21,2026-27,UFA+ARBUFA,UFA+ARBUFA
Timo,Meier,8,"$8,800,000",2023-24,2030-31,RFA+ARBRFA,UFA+ARBUFA
Sidney,Crosby,12,"$8,700,000",2013-14,2024-25,UFA+ARBUFA,UFA+ARBUFA
Patrik,Laine,4,"$8,700,000",2022-23,2025-26,RFA+ARBRFA,UFA+ARBUFA
Dylan,Larkin,8,"$8,700,000",2023-24,2030-31,UFA+ARBUFA,UFA+ARBUFA
Steven,Stamkos,8,"$8,500,000",2016-17,2023-24,UFA+ARBUFA,UFA+ARBUFA
Mika,Zibanejad,8,"$8,500,000",2022-23,2029-30,UFA+ARBUFA,UFA+ARBUFA
Leon,Draisaitl,8,"$8,500,000",2017-18,2024-25,RFA+ARBRFA,UFA+ARBUFA
Pierre-Luc,Dubois,8,"$8,500,000",2023-24,2030-31,RFA+ARBRFA,UFA+ARBUFA
Filip,Forsberg,8,"$8,500,000",2022-23,2029-30,UFA+ARBUFA,UFA+ARBUFA
Bo,Horvat,8,"$8,500,000",2023-24,2030-31,UFA+ARBUFA,UFA+ARBUFA
Mikhail,Sergachev,8,"$8,500,000",2023-24,2030-31,RFA+ARBRFA,UFA+ARBUFA
Sebastian,Aho,5,"$8,460,250",2019-20,2023-24,RFA+ARBRFA,UFA+ARBUFA
Roope,Hintz,8,"$8,450,000",2023-24,2030-31,RFA+ARBRFA,UFA+ARBUFA
Miro,Heiskanen,8,"$8,450,000",2021-22,2028-29,RFA+ARBRFA,UFA+ARBUFA
Tim,Stutzle,8,"$8,350,000",2023-24,2030-31,RFA+ARBRFA,UFA+ARBUFA
Jakub,Voracek,8,"$8,250,000",2016-17,2023-24,UFA+ARBUFA,UFA+ARBUFA
Brady,Tkachuk,7,"$8,205,714",2021-22,2027-28,RFA+ARBRFA,UFA+ARBUFA
Tomas,Hertl,8,"$8,137,500",2022-23,2029-30,UFA+ARBUFA,UFA+ARBUFA
Jordan,Kyrou,8,"$8,125,000",2023-24,2030-31,RFA+ARBRFA,UFA+ARBUFA
Robert,Thomas,8,"$8,125,000",2023-24,2030-31,RFA+ARBRFA,UFA+ARBUFA
Brent,Burns,8,"$8,000,000",2017-18,2024-25,UFA+ARBUFA,UFA+ARBUFA
Ryan,Johansen,8,"$8,000,000",2017-18,2024-25,RFA+ARBRFA,UFA+ARBUFA
John,Carlson,8,"$8,000,000",2018-19,2025-26,UFA+ARBUFA,UFA+ARBUFA
Jack,Hughes,8,"$8,000,000",2022-23,2029-30,RFA+ARBRFA,UFA+ARBUFA
Jacob,Trouba,7,"$8,000,000",2019-20,2025-26,RFA+ARBRFA,UFA+ARBUFA
Thomas,Chabot,8,"$8,000,000",2020-21,2027-28,RFA+ARBRFA,UFA+ARBUFA
J.T.,Miller,7,"$8,000,000",2023-24,2029-30,UFA+ARBUFA,UFA+ARBUFA
Logan,Couture,8,"$8,000,000",2019-20,2026-27,UFA+ARBUFA,UFA+ARBUFA
Joshua,Norris,8,"$7,950,000",2022-23,2029-30,RFA+ARBRFA,UFA+ARBUFA
Alex,Debrincat,4,"$7,875,000",2023-24,2026-27,RFA+ARBRFA,UFA+ARBUFA
Kevin,Fiala,7,"$7,875,000",2022-23,2028-29,RFA+ARBRFA,UFA+ARBUFA
Nick,Suzuki,8,"$7,875,000",2022-23,2029-30,RFA+ARBRFA,UFA+ARBUFA
Jesper,Bratt,8,"$7,875,000",2023-24,2030-31,RFA+ARBRFA,UFA+ARBUFA
Victor,Hedman,8,"$7,875,000",2017-18,2024-25,UFA+ARBUFA,UFA+ARBUFA
Shea,Weber,14,"$7,857,143",2012-13,2025-26,RFA+ARBRFA,UFA+ARBUFA
Quinn,Hughes,6,"$7,850,000",2021-22,2026-27,RFA+ARBRFA,UFA+ARBUFA
Cole,Caufield,8,"$7,850,000",2023-24,2030-31,RFA+ARBRFA,UFA+ARBUFA
Jason,Robertson,4,"$7,750,000",2022-23,2025-26,RFA+ARBRFA,RFA+ARBRFA
Dmitry,Orlov,2,"$7,750,000",2023-24,2024-25,UFA+ARBUFA,UFA+ARBUFA
Andrei,Svechnikov,8,"$7,750,000",2021-22,2028-29,RFA+ARBRFA,UFA+ARBUFA
Sean,Couturier,8,"$7,750,000",2022-23,2029-30,UFA+ARBUFA,UFA+ARBUFA
Jared,Spurgeon,7,"$7,575,000",2020-21,2026-27,UFA+ARBUFA,UFA+ARBUFA
Aaron,Ekblad,8,"$7,500,000",2017-18,2024-25,RFA+ARBRFA,UFA+ARBUFA
Morgan,Rielly,8,"$7,500,000",2022-23,2029-30,UFA+ARBUFA,UFA+ARBUFA
Elias,Pettersson,3,"$7,350,000",2021-22,2023-24,RFA+ARBRFA,RFA+ARBRFA
Vince,Dunn,4,"$7,350,000",2023-24,2026-27,RFA+ARBRFA,UFA+ARBUFA
Nico,Hischier,7,"$7,250,000",2020-21,2026-27,RFA+ARBRFA,UFA+ARBUFA
Clayton,Keller,8,"$7,150,000",2020-21,2027-28,RFA+ARBRFA,UFA+ARBUFA
Kevin,Hayes,7,"$7,142,857",2019-20,2025-26,UFA+ARBUFA,UFA+ARBUFA
Kyle,Connor,7,"$7,142,857",2019-20,2025-26,RFA+ARBRFA,UFA+ARBUFA
Tage,Thompson,7,"$7,142,857",2023-24,2029-30,RFA+ARBRFA,UFA+ARBUFA
Dylan,Cozens,7,"$7,100,000",2023-24,2029-30,RFA+ARBRFA,UFA+ARBUFA
Troy,Terry,7,"$7,000,000",2023-24,2029-30,RFA+ARBRFA,UFA+ARBUFA
Nazem,Kadri,7,"$7,000,000",2022-23,2028-29,UFA+ARBUFA,UFA+ARBUFA
Gabriel,Landeskog,8,"$7,000,000",2021-22,2028-29,UFA+ARBUFA,UFA+ARBUFA
Matt,Boldy,7,"$7,000,000",2023-24,2029-30,RFA+ARBRFA,UFA+ARBUFA
Anders,Lee,7,"$7,000,000",2019-20,2025-26,UFA+ARBUFA,UFA+ARBUFA
Marc-Edouard,Vlasic,8,"$7,000,000",2018-19,2025-26,UFA+ARBUFA,UFA+ARBUFA
William,Nylander,6,"$6,962,366",2018-19,2023-24,RFA+ARBRFA,UFA+ARBUFA
Brent,Seabrook,8,"$6,875,000",2016-17,2023-24,UFA+ARBUFA,UFA+ARBUFA
Ivan,Provorov,6,"$6,750,000",2019-20,2024-25,RFA+ARBRFA,UFA+ARBUFA
Ryan,McDonagh,7,"$6,750,000",2019-20,2025-26,UFA+ARBUFA,UFA+ARBUFA
Brock,Boeser,3,"$6,650,000",2022-23,2024-25,RFA+ARBRFA,UFA+ARBUFA
Sam,Reinhart,3,"$6,500,000",2021-22,2023-24,RFA+ARBRFA,UFA+ARBUFA
Claude,Giroux,3,"$6,500,000",2022-23,2024-25,UFA+ARBUFA,UFA+ARBUFA
Cam,Fowler,8,"$6,500,000",2018-19,2025-26,UFA+ARBUFA,UFA+ARBUFA
Hampus,Lindholm,8,"$6,500,000",2022-23,2029-30,UFA+ARBUFA,UFA+ARBUFA
Brendan,Gallagher,6,"$6,500,000",2021-22,2026-27,UFA+ARBUFA,UFA+ARBUFA
Brayden,Schenn,8,"$6,500,000",2020-21,2027-28,UFA+ARBUFA,UFA+ARBUFA
Justin,Faulk,7,"$6,500,000",2020-21,2026-27,UFA+ARBUFA,UFA+ARBUFA
Torey,Krug,7,"$6,500,000",2020-21,2026-27,UFA+ARBUFA,UFA+ARBUFA
Colton,Parayko,8,"$6,500,000",2022-23,2029-30,UFA+ARBUFA,UFA+ARBUFA
Chris,Kreider,7,"$6,500,000",2020-21,2026-27,UFA+ARBUFA,UFA+ARBUFA
Ryan,Ellis,8,"$6,250,000",2019-20,2026-27,UFA+ARBUFA,UFA+ARBUFA
Jeff,Petry,4,"$6,250,000",2021-22,2024-25,UFA+ARBUFA,UFA+ARBUFA
Mattias,Ekholm,4,"$6,250,000",2022-23,2025-26,UFA+ARBUFA,UFA+ARBUFA
Alex,Killorn,4,"$6,250,000",2023-24,2026-27,UFA+ARBUFA,UFA+ARBUFA
MacKenzie,Weegar,8,"$6,250,000",2023-24,2030-31,UFA+ARBUFA,UFA+ARBUFA
Damon,Severson,8,"$6,250,000",2023-24,2030-31,UFA+ARBUFA,UFA+ARBUFA
Travis,Sanheim,8,"$6,250,000",2023-24,2030-31,UFA+ARBUFA,UFA+ARBUFA
Anthony,Cirelli,8,"$6,250,000",2023-24,2030-31,RFA+ARBRFA,UFA+ARBUFA
Josh,Morrissey,8,"$6,250,000",2020-21,2027-28,RFA+ARBRFA,UFA+ARBUFA
Ryan,Pulock,8,"$6,150,000",2022-23,2029-30,UFA+ARBUFA,UFA+ARBUFA
Mark,Scheifele,8,"$6,125,000",2016-17,2023-24,RFA+ARBRFA,UFA+ARBUFA
Brad,Marchand,8,"$6,125,000",2017-18,2024-25,UFA+ARBUFA,UFA+ARBUFA
Valeri,Nichushkin,8,"$6,125,000",2022-23,2029-30,UFA+ARBUFA,UFA+ARBUFA
Evgeni,Malkin,4,"$6,100,000",2022-23,2025-26,UFA+ARBUFA,UFA+ARBUFA
Kris,Letang,6,"$6,100,000",2022-23,2027-28,UFA+ARBUFA,UFA+ARBUFA
Jake,Guentzel,5,"$6,000,000",2019-20,2023-24,RFA+ARBRFA,UFA+ARBUFA
Mats,Zuccarello,5,"$6,000,000",2019-20,2023-24,UFA+ARBUFA,UFA+ARBUFA
Jonas,Brodin,7,"$6,000,000",2021-22,2027-28,UFA+ARBUFA,UFA+ARBUFA
Rasmus,Dahlin,3,"$6,000,000",2021-22,2023-24,RFA+ARBRFA,RFA+ARBRFA
Tyler,Myers,5,"$6,000,000",2019-20,2023-24,UFA+ARBUFA,UFA+ARBUFA
Taylor,Hall,4,"$6,000,000",2021-22,2024-25,UFA+ARBUFA,UFA+ARBUFA
Brock,Nelson,6,"$6,000,000",2019-20,2024-25,UFA+ARBUFA,UFA+ARBUFA
Nikolaj,Ehlers,7,"$6,000,000",2018-19,2024-25,RFA+ARBRFA,UFA+ARBUFA
Ondrej,Palat,5,"$6,000,000",2022-23,2026-27,UFA+ARBUFA,UFA+ARBUFA
William,Karlsson,8,"$5,900,000",2019-20,2026-27,RFA+ARBRFA,UFA+ARBUFA
Neal,Pionk,4,"$5,875,000",2021-22,2024-25,RFA+ARBRFA,UFA+ARBUFA
Vladislav,Gavrikov,2,"$5,875,000",2023-24,2024-25,UFA+ARBUFA,UFA+ARBUFA
Nick,Schmaltz,7,"$5,850,000",2019-20,2025-26,RFA+ARBRFA,UFA+ARBUFA
Adam,Henrique,5,"$5,825,000",2019-20,2023-24,UFA+ARBUFA,UFA+ARBUFA
Esa,Lindell,6,"$5,800,000",2019-20,2024-25,RFA+ARBRFA,UFA+ARBUFA
Andrew,Mangiapane,3,"$5,800,000",2022-23,2024-25,RFA+ARBRFA,UFA+ARBUFA
Pavel,Buchnevich,4,"$5,800,000",2021-22,2024-25,RFA+ARBRFA,UFA+ARBUFA
Trevor,Zegras,3,"$5,750,000",2023-24,2025-26,RFA+ARBRFA,RFA+ARBRFA
Adam,Pelech,8,"$5,750,000",2021-22,2028-29,RFA+ARBRFA,UFA+ARBUFA
T.J.,Oshie,8,"$5,750,000",2017-18,2024-25,UFA+ARBUFA,UFA+ARBUFA
Anthony,Mantha,4,"$5,700,000",2020-21,2023-24,RFA+ARBRFA,UFA+ARBUFA
Jake,Muzzin,4,"$5,625,000",2020-21,2023-24,UFA+ARBUFA,UFA+ARBUFA
Andrew,Copp,5,"$5,625,000",2022-23,2026-27,UFA+ARBUFA,UFA+ARBUFA
Vincent,Trocheck,7,"$5,625,000",2022-23,2028-29,UFA+ARBUFA,UFA+ARBUFA
Jordan,Eberle,5,"$5,500,000",2019-20,2023-24,UFA+ARBUFA,UFA+ARBUFA
Travis,Konecny,6,"$5,500,000",2019-20,2024-25,RFA+ARBRFA,UFA+ARBUFA
Tyler,Bertuzzi,1,"$5,500,000",2023-24,2023-24,UFA+ARBUFA,UFA+ARBUFA
Andrei,Kuzmenko,2,"$5,500,000",2023-24,2024-25,UFA+ARBUFA,UFA+ARBUFA
Zach,Hyman,7,"$5,500,000",2021-22,2027-28,UFA+ARBUFA,UFA+ARBUFA
Phillip,Danault,6,"$5,500,000",2021-22,2026-27,UFA+ARBUFA,UFA+ARBUFA
Adrian,Kempe,4,"$5,500,000",2022-23,2025-26,RFA+ARBRFA,UFA+ARBUFA
Josh,Anderson,7,"$5,500,000",2020-21,2026-27,RFA+ARBRFA,UFA+ARBUFA
Andre,Burakovsky,5,"$5,500,000",2022-23,2026-27,UFA+ARBUFA,UFA+ARBUFA
Jaden,Schwartz,5,"$5,500,000",2021-22,2025-26,UFA+ARBUFA,UFA+ARBUFA
Teuvo,Teravainen,5,"$5,400,000",2019-20,2023-24,RFA+ARBRFA,UFA+ARBUFA
Oliver,Bjorkstrand,5,"$5,400,000",2021-22,2025-26,RFA+ARBRFA,UFA+ARBUFA
Mikael,Backlund,6,"$5,350,000",2018-19,2023-24,UFA+ARBUFA,UFA+ARBUFA
Jason,Zucker,1,"$5,300,000",2023-24,2023-24,UFA+ARBUFA,UFA+ARBUFA
Jaccob,Slavin,7,"$5,300,000",2018-19,2024-25,RFA+ARBRFA,UFA+ARBUFA
Bryan,Little,6,"$5,291,666",2018-19,2023-24,UFA+ARBUFA,UFA+ARBUFA
Brady,Skjei,6,"$5,250,000",2018-19,2023-24,RFA+ARBRFA,UFA+ARBUFA
Jakob,Silfverberg,5,"$5,250,000",2019-20,2023-24,UFA+ARBUFA,UFA+ARBUFA
Jakub,Vrana,3,"$5,250,000",2021-22,2023-24,RFA+ARBRFA,UFA+ARBUFA
Alec,Martinez,3,"$5,250,000",2021-22,2023-24,UFA+ARBUFA,UFA+ARBUFA
Charlie,Coyle,6,"$5,250,000",2020-21,2025-26,UFA+ARBUFA,UFA+ARBUFA
Joel,Eriksson Ek,8,"$5,250,000",2021-22,2028-29,RFA+ARBRFA,UFA+ARBUFA
Shea,Theodore,7,"$5,200,000",2018-19,2024-25,RFA+ARBRFA,UFA+ARBUFA
Erik,Cernak,8,"$5,200,000",2023-24,2030-31,RFA+ARBRFA,UFA+ARBUFA
Yanni,Gourde,6,"$5,166,667",2019-20,2024-25,UFA+ARBUFA,UFA+ARBUFA
Tom,Wilson,6,"$5,166,666",2018-19,2023-24,RFA+ARBRFA,UFA+ARBUFA
Ryan,Nugent-Hopkins,8,"$5,125,000",2021-22,2028-29,UFA+ARBUFA,UFA+ARBUFA
Evander,Kane,4,"$5,125,000",2022-23,2025-26,UFA+ARBUFA,UFA+ARBUFA
Bryan,Rust,6,"$5,125,000",2022-23,2027-28,UFA+ARBUFA,UFA+ARBUFA
Rasmus,Ristolainen,5,"$5,100,000",2022-23,2026-27,UFA+ARBUFA,UFA+ARBUFA
J.T.,Compher,5,"$5,100,000",2023-24,2027-28,UFA+ARBUFA,UFA+ARBUFA
Jonathan,Marchessault,6,"$5,000,000",2018-19,2023-24,UFA+ARBUFA,UFA+ARBUFA
Tyler,Johnson,7,"$5,000,000",2017-18,2023-24,RFA+ARBRFA,UFA+ARBUFA
TJ,Brodie,4,"$5,000,000",2020-21,2023-24,UFA+ARBUFA,UFA+ARBUFA
Mikael,Granlund,4,"$5,000,000",2021-22,2024-25,UFA+ARBUFA,UFA+ARBUFA
Ryan,Strome,5,"$5,000,000",2022-23,2026-27,UFA+ARBUFA,UFA+ARBUFA
Joel,Farabee,6,"$5,000,000",2022-23,2027-28,RFA+ARBRFA,UFA+ARBUFA
Vladimir,Tarasenko,1,"$5,000,000",2023-24,2023-24,UFA+ARBUFA,UFA+ARBUFA
Samuel,Girard,7,"$5,000,000",2020-21,2026-27,RFA+ARBRFA,UFA+ARBUFA
Kyle,Palmieri,4,"$5,000,000",2021-22,2024-25,UFA+ARBUFA,UFA+ARBUFA
Jean-Gabriel,Pageau,6,"$5,000,000",2020-21,2025-26,UFA+ARBUFA,UFA+ARBUFA
Reilly,Smith,3,"$5,000,000",2022-23,2024-25,UFA+ARBUFA,UFA+ARBUFA
Rickard,Rakell,6,"$5,000,000",2022-23,2027-28,UFA+ARBUFA,UFA+ARBUFA
Jared,McCann,5,"$5,000,000",2022-23,2026-27,RFA+ARBRFA,UFA+ARBUFA
Ivan,Barbashev,5,"$5,000,000",2023-24,2027-28,UFA+ARBUFA,UFA+ARBUFA
Dylan,Strome,5,"$5,000,000",2023-24,2027-28,RFA+ARBRFA,UFA+ARBUFA
Drake,Batherson,6,"$4,975,000",2021-22,2026-27,RFA+ARBRFA,UFA+ARBUFA
Noah,Hanifin,6,"$4,950,000",2018-19,2023-24,RFA+ARBRFA,UFA+ARBUFA
Conor,Garland,5,"$4,950,000",2021-22,2025-26,RFA+ARBRFA,UFA+ARBUFA
Blake,Coleman,6,"$4,900,000",2021-22,2026-27,UFA+ARBUFA,UFA+ARBUFA
Mike,Matheson,8,"$4,875,000",2018-19,2025-26,RFA+ARBRFA,UFA+ARBUFA
Elias,Lindholm,6,"$4,850,000",2018-19,2023-24,RFA+ARBRFA,UFA+ARBUFA
Jesperi,Kotkaniemi,8,"$4,820,000",2022-23,2029-30,RFA+ARBRFA,UFA+ARBUFA
Victor,Olofsson,2,"$4,750,000",2022-23,2023-24,RFA+ARBRFA,UFA+ARBUFA
David,Perron,2,"$4,750,000",2022-23,2023-24,UFA+ARBUFA,UFA+ARBUFA
Pavel,Zacha,4,"$4,750,000",2023-24,2026-27,UFA+ARBUFA,UFA+ARBUFA
Alex,Tuch,7,"$4,750,000",2019-20,2025-26,RFA+ARBRFA,UFA+ARBUFA
Ben,Chiarot,4,"$4,750,000",2022-23,2025-26,UFA+ARBUFA,UFA+ARBUFA
Ilya,Mikheyev,4,"$4,750,000",2022-23,2025-26,UFA+ARBUFA,UFA+ARBUFA
Kevin,Labanc,4,"$4,725,000",2020-21,2023-24,RFA+ARBRFA,UFA+ARBUFA
Jakob,Chychrun,6,"$4,600,000",2019-20,2024-25,RFA+ARBRFA,UFA+ARBUFA
Artyom,Zub,4,"$4,600,000",2023-24,2026-27,UFA+ARBUFA,UFA+ARBUFA
Jamie,Oleksiak,5,"$4,600,000",2021-22,2025-26,UFA+ARBUFA,UFA+ARBUFA
Rasmus,Andersson,6,"$4,550,000",2020-21,2025-26,RFA+ARBRFA,UFA+ARBUFA
Nikita,Zaitsev,7,"$4,500,000",2017-18,2023-24,RFA+ARBRFA,UFA+ARBUFA
Christopher,Tanev,4,"$4,500,000",2020-21,2023-24,UFA+ARBUFA,UFA+ARBUFA
Alexander,Wennberg,3,"$4,500,000",2021-22,2023-24,UFA+ARBUFA,UFA+ARBUFA
Ryan,O'Reilly,4,"$4,500,000",2023-24,2026-27,UFA+ARBUFA,UFA+ARBUFA
Mike,Hoffman,3,"$4,500,000",2021-22,2023-24,UFA+ARBUFA,UFA+ARBUFA
Artturi,Lehkonen,5,"$4,500,000",2022-23,2026-27,RFA+ARBRFA,UFA+ARBUFA
Josh,Manson,4,"$4,500,000",2022-23,2025-26,UFA+ARBUFA,UFA+ARBUFA
Mason,Marchment,4,"$4,500,000",2022-23,2025-26,UFA+ARBUFA,UFA+ARBUFA
Michael,Bunting,3,"$4,500,000",2023-24,2025-26,UFA+ARBUFA,UFA+ARBUFA
Ryan,Graves,6,"$4,500,000",2023-24,2028-29,UFA+ARBUFA,UFA+ARBUFA
Brandon,Saad,5,"$4,500,000",2021-22,2025-26,UFA+ARBUFA,UFA+ARBUFA
Tyson,Barrie,3,"$4,500,000",2021-22,2023-24,UFA+ARBUFA,UFA+ARBUFA
Christian,Dvorak,6,"$4,450,000",2019-20,2024-25,RFA+ARBRFA,UFA+ARBUFA
Filip,Chytil,4,"$4,437,500",2023-24,2026-27,RFA+ARBRFA,UFA+ARBUFA
Sam,Bennett,4,"$4,425,000",2021-22,2024-25,RFA+ARBRFA,UFA+ARBUFA
Filip,Hronek,3,"$4,400,000",2021-22,2023-24,RFA+ARBRFA,RFA+ARBRFA
Connor,Murphy,4,"$4,400,000",2022-23,2025-26,UFA+ARBUFA,UFA+ARBUFA
John,Marino,6,"$4,400,000",2021-22,2026-27,RFA+ARBRFA,UFA+ARBUFA
Lawson,Crouse,5,"$4,300,000",2022-23,2026-27,RFA+ARBRFA,UFA+ARBUFA
Mattias,Samuelsson,7,"$4,285,714",2023-24,2029-30,RFA+ARBRFA,UFA+ARBUFA
Viktor,Arvidsson,7,"$4,250,000",2017-18,2023-24,RFA+ARBRFA,UFA+ARBUFA
Tyler,Toffoli,4,"$4,250,000",2020-21,2023-24,UFA+ARBUFA,UFA+ARBUFA
Trevor,Moore,5,"$4,200,000",2023-24,2027-28,UFA+ARBUFA,UFA+ARBUFA
Carter,Verhaeghe,3,"$4,166,667",2022-23,2024-25,RFA+ARBRFA,UFA+ARBUFA
Anthony,Beauvillier,3,"$4,150,000",2021-22,2023-24,RFA+ARBRFA,UFA+ARBUFA
John,Klingberg,1,"$4,150,000",2023-24,2023-24,UFA+ARBUFA,UFA+ARBUFA
Shayne,Gostisbehere,1,"$4,125,000",2023-24,2023-24,UFA+ARBUFA,UFA+ARBUFA
Mikey,Anderson,8,"$4,125,000",2023-24,2030-31,RFA+ARBRFA,UFA+ARBUFA
Devon,Toews,4,"$4,100,000",2020-21,2023-24,RFA+ARBRFA,UFA+ARBUFA
Brandon,Carlo,6,"$4,100,000",2021-22,2026-27,RFA+ARBRFA,UFA+ARBUFA
Nick,Jensen,3,"$4,050,000",2023-24,2025-26,UFA+ARBUFA,UFA+ARBUFA
Marcus,Pettersson,5,"$4,025,175",2020-21,2024-25,RFA+ARBRFA,UFA+ARBUFA
Brett,Pesce,6,"$4,025,000",2018-19,2023-24,RFA+ARBRFA,UFA+ARBUFA
Alex,Iafallo,4,"$4,000,000",2021-22,2024-25,UFA+ARBUFA,UFA+ARBUFA
Jake,McCabe,4,"$4,000,000",2021-22,2024-25,UFA+ARBUFA,UFA+ARBUFA
Robby,Fabbri,3,"$4,000,000",2022-23,2024-25,UFA+ARBUFA,UFA+ARBUFA
Jake,DeBrusk,2,"$4,000,000",2022-23,2023-24,RFA+ARBRFA,UFA+ARBUFA
Jack,Roslovic,2,"$4,000,000",2022-23,2023-24,RFA+ARBRFA,UFA+ARBUFA
Nino,Niederreiter,2,"$4,000,000",2022-23,2023-24,UFA+ARBUFA,UFA+ARBUFA
Noah,Dobson,3,"$4,000,000",2022-23,2024-25,RFA+ARBRFA,RFA+ARBRFA
Nick,Foligno,1,"$4,000,000",2023-24,2023-24,UFA+ARBUFA,UFA+ARBUFA
Ross,Colton,4,"$4,000,000",2023-24,2026-27,RFA+ARBRFA,UFA+ARBUFA
Radko,Gudas,3,"$4,000,000",2023-24,2025-26,UFA+ARBUFA,UFA+ARBUFA
Erik,Gudbranson,4,"$4,000,000",2022-23,2025-26,UFA+ARBUFA,UFA+ARBUFA
Nick,Leddy,4,"$4,000,000",2022-23,2025-26,UFA+ARBUFA,UFA+ARBUFA
Adam,Larsson,4,"$4,000,000",2021-22,2024-25,UFA+ARBUFA,UFA+ARBUFA
Brenden,Dillon,4,"$3,900,000",2020-21,2023-24,UFA+ARBUFA,UFA+ARBUFA
Matt,Dumba,1,"$3,900,000",2023-24,2023-24,UFA+ARBUFA,UFA+ARBUFA
Evan,Bouchard,2,"$3,900,000",2023-24,2024-25,RFA+ARBRFA,RFA+ARBRFA
K'Andre,Miller,2,"$3,872,000",2023-24,2024-25,RFA+ARBRFA,RFA+ARBRFA
Bowen,Byram,2,"$3,850,000",2023-24,2024-25,RFA+ARBRFA,RFA+ARBRFA
Nikita,Zadorov,2,"$3,750,000",2022-23,2023-24,UFA+ARBUFA,UFA+ARBUFA
Boone,Jenner,4,"$3,750,000",2022-23,2025-26,UFA+ARBUFA,UFA+ARBUFA
Matt,Grzelcyk,4,"$3,687,500",2020-21,2023-24,RFA+ARBRFA,UFA+ARBUFA
Frank,Vatrano,3,"$3,650,000",2022-23,2024-25,UFA+ARBUFA,UFA+ARBUFA
Barclay,Goodrow,6,"$3,641,667",2021-22,2026-27,UFA+ARBUFA,UFA+ARBUFA
David,Savard,4,"$3,500,000",2021-22,2024-25,UFA+ARBUFA,UFA+ARBUFA
Brandon,Montour,3,"$3,500,000",2021-22,2023-24,UFA+ARBUFA,UFA+ARBUFA
Joel,Edmundson,4,"$3,500,000",2020-21,2023-24,UFA+ARBUFA,UFA+ARBUFA
Joe,Pavelski,1,"$3,500,000",2023-24,2023-24,UFA+ARBUFA,UFA+ARBUFA
Scott,Mayfield,7,"$3,500,000",2023-24,2029-30,UFA+ARBUFA,UFA+ARBUFA
Brandon,Tanev,6,"$3,500,000",2019-20,2024-25,UFA+ARBUFA,UFA+ARBUFA
Alexander,Kerfoot,2,"$3,500,000",2023-24,2024-25,UFA+ARBUFA,UFA+ARBUFA
Gabriel,Vilardi,2,"$3,437,500",2023-24,2024-25,RFA+ARBRFA,RFA+ARBRFA
Matias,Maccelli,3,"$3,425,000",2023-24,2025-26,RFA+ARBRFA,RFA+ARBRFA
Joel,Armia,4,"$3,400,000",2021-22,2024-25,UFA+ARBUFA,UFA+ARBUFA
Justin,Holl,3,"$3,400,000",2023-24,2025-26,UFA+ARBUFA,UFA+ARBUFA
Jake,Walman,3,"$3,400,000",2023-24,2025-26,UFA+ARBUFA,UFA+ARBUFA
Jonas,Siegenthaler,5,"$3,400,000",2023-24,2027-28,RFA+ARBRFA,UFA+ARBUFA
Kirby,Dach,4,"$3,362,500",2022-23,2025-26,RFA+ARBRFA,RFA+ARBRFA
Connor,Clifton,3,"$3,333,334",2023-24,2025-26,UFA+ARBUFA,UFA+ARBUFA
Marco,Scandella,4,"$3,275,000",2020-21,2023-24,UFA+ARBUFA,UFA+ARBUFA
Tanner,Pearson,3,"$3,250,000",2021-22,2023-24,UFA+ARBUFA,UFA+ARBUFA
Cody,Ceci,4,"$3,250,000",2021-22,2024-25,UFA+ARBUFA,UFA+ARBUFA
Mario,Ferraro,4,"$3,250,000",2022-23,2025-26,RFA+ARBRFA,UFA+ARBUFA
Erik,Johnson,1,"$3,250,000",2023-24,2023-24,UFA+ARBUFA,UFA+ARBUFA
Radek,Faksa,5,"$3,250,000",2020-21,2024-25,RFA+ARBRFA,UFA+ARBUFA
Carson,Soucy,3,"$3,250,000",2023-24,2025-26,UFA+ARBUFA,UFA+ARBUFA
Adam,Lowry,5,"$3,250,000",2021-22,2025-26,UFA+ARBUFA,UFA+ARBUFA
Kasperi,Kapanen,2,"$3,200,000",2022-23,2023-24,RFA+ARBRFA,UFA+ARBUFA
Gustav,Nyquist,2,"$3,185,000",2023-24,2024-25,UFA+ARBUFA,UFA+ARBUFA
Matt,Roy,3,"$3,150,000",2021-22,2023-24,RFA+ARBRFA,UFA+ARBUFA
Erik,Haula,3,"$3,150,000",2023-24,2025-26,UFA+ARBUFA,UFA+ARBUFA
Brian,Dumoulin,2,"$3,150,000",2023-24,2024-25,UFA+ARBUFA,UFA+ARBUFA
Nick,Paul,7,"$3,150,000",2022-23,2028-29,UFA+ARBUFA,UFA+ARBUFA
Marcus,Foligno,3,"$3,100,000",2021-22,2023-24,UFA+ARBUFA,UFA+ARBUFA
Yegor,Sharangovich,2,"$3,100,000",2023-24,2024-25,RFA+ARBRFA,UFA+ARBUFA
Dylan,Demelo,4,"$3,000,000",2020-21,2023-24,UFA+ARBUFA,UFA+ARBUFA
Scott,Laughton,5,"$3,000,000",2021-22,2025-26,UFA+ARBUFA,UFA+ARBUFA
Ryan,Lindgren,3,"$3,000,000",2021-22,2023-24,RFA+ARBRFA,RFA+ARBRFA
Derek,Forbort,3,"$3,000,000",2021-22,2023-24,UFA+ARBUFA,UFA+ARBUFA
Justin,Schultz,2,"$3,000,000",2022-23,2023-24,UFA+ARBUFA,UFA+ARBUFA
Nicolas,Roy,5,"$3,000,000",2022-23,2026-27,RFA+ARBRFA,UFA+ARBUFA
Martin,Necas,2,"$3,000,000",2022-23,2023-24,RFA+ARBRFA,RFA+ARBRFA
Olli,Maatta,2,"$3,000,000",2023-24,2024-25,UFA+ARBUFA,UFA+ARBUFA
Trevor,van Riemsdyk,3,"$3,000,000",2023-24,2025-26,UFA+ARBUFA,UFA+ARBUFA
Ian,Cole,1,"$3,000,000",2023-24,2023-24,UFA+ARBUFA,UFA+ARBUFA
Matt,Duchene,1,"$3,000,000",2023-24,2023-24,UFA+ARBUFA,UFA+ARBUFA
Evan,Rodrigues,4,"$3,000,000",2023-24,2026-27,UFA+ARBUFA,UFA+ARBUFA
Max,Domi,1,"$3,000,000",2023-24,2023-24,UFA+ARBUFA,UFA+ARBUFA
Anthony,Duclair,3,"$3,000,000",2021-22,2023-24,RFA+ARBRFA,UFA+ARBUFA
Jordan,Greenway,3,"$3,000,000",2022-23,2024-25,RFA+ARBRFA,UFA+ARBUFA
Pierre,Engvall,7,"$3,000,000",2023-24,2029-30,UFA+ARBUFA,UFA+ARBUFA
Mathieu,Joseph,4,"$2,950,000",2022-23,2025-26,RFA+ARBRFA,UFA+ARBUFA
Jordan,Staal,4,"$2,900,000",2023-24,2026-27,UFA+ARBUFA,UFA+ARBUFA
Alex,Newhook,4,"$2,900,000",2023-24,2026-27,RFA+ARBRFA,RFA+ARBRFA
Colton,Sissons,7,"$2,857,143",2019-20,2025-26,RFA+ARBRFA,UFA+ARBUFA
Brayden,McNabb,3,"$2,850,000",2022-23,2024-25,UFA+ARBUFA,UFA+ARBUFA
Chandler,Stephenson,4,"$2,750,000",2020-21,2023-24,RFA+ARBRFA,UFA+ARBUFA
Brock,McGinn,4,"$2,750,000",2021-22,2024-25,UFA+ARBUFA,UFA+ARBUFA
Warren,Foegele,3,"$2,750,000",2021-22,2023-24,RFA+ARBRFA,UFA+ARBUFA
Ilya,Lyubushkin,2,"$2,750,000",2022-23,2023-24,UFA+ARBUFA,UFA+ARBUFA
Jan,Rutta,3,"$2,750,000",2022-23,2024-25,UFA+ARBUFA,UFA+ARBUFA
Brett,Kulak,4,"$2,750,000",2022-23,2025-26,UFA+ARBUFA,UFA+ARBUFA
Luke,Kunin,2,"$2,750,000",2022-23,2023-24,RFA+ARBRFA,RFA+ARBRFA
Andrew,Peeke,3,"$2,750,000",2023-24,2025-26,RFA+ARBRFA,UFA+ARBUFA
Zach,Whitecloud,6,"$2,750,000",2022-23,2027-28,RFA+ARBRFA,UFA+ARBUFA
Luke,Schenn,3,"$2,750,000",2023-24,2025-26,UFA+ARBUFA,UFA+ARBUFA
Patrick,Kane,1,"$2,750,000",2023-24,2023-24,UFA+ARBUFA,UFA+ARBUFA
William,Borgen,2,"$2,700,000",2023-24,2024-25,RFA+ARBRFA,UFA+ARBUFA
Martin,Fehervary,3,"$2,675,000",2023-24,2025-26,RFA+ARBRFA,RFA+ARBRFA
Gustav,Forsling,3,"$2,666,667",2021-22,2023-24,RFA+ARBRFA,UFA+ARBUFA
Tanner,Jeannot,2,"$2,665,000",2023-24,2024-25,RFA+ARBRFA,UFA+ARBUFA
Jason,Dickinson,3,"$2,650,000",2021-22,2023-24,RFA+ARBRFA,UFA+ARBUFA
Sean,Walker,4,"$2,650,000",2020-21,2023-24,RFA+ARBRFA,UFA+ARBUFA
Noah,Cates,2,"$2,625,000",2023-24,2024-25,RFA+ARBRFA,RFA+ARBRFA
Tucker,Poolman,4,"$2,500,000",2021-22,2024-25,UFA+ARBUFA,UFA+ARBUFA
Casey,Cizikas,6,"$2,500,000",2021-22,2026-27,UFA+ARBUFA,UFA+ARBUFA
Henri,Jokiharju,3,"$2,500,000",2021-22,2023-24,RFA+ARBRFA,RFA+ARBRFA
Casey,Mittelstadt,3,"$2,500,000",2021-22,2023-24,RFA+ARBRFA,RFA+ARBRFA
Alexander,Barabanov,2,"$2,500,000",2022-23,2023-24,UFA+ARBUFA,UFA+ARBUFA
Dominik,Kubalik,2,"$2,500,000",2022-23,2023-24,UFA no QO+ARBUFA no QO,UFA+ARBUFA
Oliver,Kylington,2,"$2,500,000",2022-23,2023-24,RFA+ARBRFA,UFA+ARBUFA
Alexander,Romanov,3,"$2,500,000",2022-23,2024-25,RFA+ARBRFA,RFA+ARBRFA
Dante,Fabbro,1,"$2,500,000",2023-24,2023-24,RFA+ARBRFA,RFA+ARBRFA
Kyle,Okposo,1,"$2,500,000",2023-24,2023-24,UFA+ARBUFA,UFA+ARBUFA
Zemgus,Girgensons,1,"$2,500,000",2023-24,2023-24,UFA+ARBUFA,UFA+ARBUFA
Niko,Mikkola,3,"$2,500,000",2023-24,2025-26,UFA+ARBUFA,UFA+ARBUFA
Cody,Glass,2,"$2,500,000",2023-24,2024-25,RFA+ARBRFA,RFA+ARBRFA
Alexandre,Carrier,1,"$2,500,000",2023-24,2023-24,RFA+ARBRFA,UFA+ARBUFA
Miles,Wood,6,"$2,500,000",2023-24,2028-29,UFA+ARBUFA,UFA+ARBUFA
Sean,Kuraly,4,"$2,500,000",2021-22,2024-25,UFA+ARBUFA,UFA+ARBUFA
Jacob,Middleton,3,"$2,450,000",2022-23,2024-25,RFA+ARBRFA,UFA+ARBUFA
Lars,Eller,2,"$2,450,000",2023-24,2024-25,UFA+ARBUFA,UFA+ARBUFA
Jesper,Fast,2,"$2,400,000",2023-24,2024-25,UFA+ARBUFA,UFA+ARBUFA
David,Kampf,4,"$2,400,000",2023-24,2026-27,UFA+ARBUFA,UFA+ARBUFA
Garnet,Hathaway,2,"$2,375,000",2023-24,2024-25,UFA+ARBUFA,UFA+ARBUFA
Jake,Bean,3,"$2,333,333",2021-22,2023-24,RFA+ARBRFA,UFA no QO+ARBUFA no QO
Alexis,Lafreniere,2,"$2,325,000",2023-24,2024-25,RFA+ARBRFA,RFA+ARBRFA
Trent,Frederic,2,"$2,300,000",2023-24,2024-25,RFA+ARBRFA,UFA+ARBUFA
Jamie,Drysdale,3,"$2,300,000",2023-24,2025-26,RFA+ARBRFA,RFA+ARBRFA
Dillon,Dube,3,"$2,300,000",2021-22,2023-24,RFA+ARBRFA,UFA no QO+ARBUFA no QO
Nicolas,Hague,3,"$2,294,150",2022-23,2024-25,RFA+ARBRFA,RFA+ARBRFA
Oliver,Ekman-Larsson,1,"$2,250,000",2023-24,2023-24,UFA+ARBUFA,UFA+ARBUFA
Philipp,Kurashev,2,"$2,250,000",2023-24,2024-25,RFA+ARBRFA,RFA+ARBRFA
Evgenii,Dadonov,2,"$2,250,000",2023-24,2024-25,UFA+ARBUFA,UFA+ARBUFA
Mason,Appleton,3,"$2,166,667",2022-23,2024-25,RFA+ARBRFA,UFA+ARBUFA
Kaapo,Kakko,2,"$2,100,000",2022-23,2023-24,RFA+ARBRFA,RFA+ARBRFA
Nick,Bjugstad,2,"$2,100,000",2023-24,2024-25,UFA+ARBUFA,UFA+ARBUFA
Ryan,McLeod,2,"$2,100,000",2023-24,2024-25,RFA+ARBRFA,RFA+ARBRFA
Morgan,Frost,2,"$2,100,000",2023-24,2024-25,RFA+ARBRFA,RFA+ARBRFA
Frederick,Gaudreau,5,"$2,100,000",2023-24,2027-28,UFA+ARBUFA,UFA+ARBUFA
Calle,Jarnkrok,4,"$2,100,000",2022-23,2025-26,UFA+ARBUFA,UFA+ARBUFA
Alex,Goligoski,2,"$2,000,000",2022-23,2023-24,UFA+ARBUFA,UFA+ARBUFA
Jeremy,Lauzon,4,"$2,000,000",2022-23,2025-26,RFA+ARBRFA,UFA+ARBUFA
Nico,Sturm,3,"$2,000,000",2022-23,2024-25,UFA+ARBUFA,UFA+ARBUFA
Marcus,Johansson,2,"$2,000,000",2023-24,2024-25,UFA+ARBUFA,UFA+ARBUFA
Max,Pacioretty,1,"$2,000,000",2023-24,2023-24,UFA+ARBUFA,UFA+ARBUFA
Daniel,Sprong,1,"$2,000,000",2023-24,2023-24,UFA no QO+ARBUFA no QO,UFA+ARBUFA
Ryan,Donato,2,"$2,000,000",2023-24,2024-25,UFA+ARBUFA,UFA+ARBUFA
Vladislav,Namestnikov,2,"$2,000,000",2023-24,2024-25,UFA+ARBUFA,UFA+ARBUFA
Morgan,Geekie,2,"$2,000,000",2023-24,2024-25,UFA no QO+ARBUFA no QO,RFA+ARBRFA
Klim,Kostin,2,"$2,000,000",2023-24,2024-25,UFA no QO+ARBUFA no QO,RFA+ARBRFA
Noel,Acciari,3,"$2,000,000",2023-24,2025-26,UFA+ARBUFA,UFA+ARBUFA
Erik,Brannstrom,1,"$2,000,000",2023-24,2023-24,RFA+ARBRFA,UFA no QO+ARBUFA no QO
Sean,Monahan,1,"$1,985,000",2023-24,2023-24,UFA+ARBUFA,UFA+ARBUFA
Sonny,Milano,3,"$1,900,000",2023-24,2025-26,UFA+ARBUFA,UFA+ARBUFA
Teddy,Blueger,1,"$1,900,000",2023-24,2023-24,UFA+ARBUFA,UFA+ARBUFA
Brett,Howden,2,"$1,900,000",2023-24,2024-25,RFA+ARBRFA,UFA+ARBUFA
Colin,Miller,2,"$1,850,000",2022-23,2023-24,UFA+ARBUFA,UFA+ARBUFA
Jacob,Bryson,2,"$1,850,000",2022-23,2023-24,RFA+ARBRFA,UFA no QO+ARBUFA no QO
Jordan,Martinook,3,"$1,800,000",2021-22,2023-24,UFA+ARBUFA,UFA+ARBUFA
Isac,Lundestrom,2,"$1,800,000",2022-23,2023-24,RFA+ARBRFA,RFA+ARBRFA
Barrett,Hayton,2,"$1,775,000",2022-23,2023-24,RFA+ARBRFA,RFA+ARBRFA
Travis,Boyd,2,"$1,750,000",2022-23,2023-24,UFA+ARBUFA,UFA+ARBUFA
Cal,Clutterbuck,2,"$1,750,000",2022-23,2023-24,UFA+ARBUFA,UFA+ARBUFA
Nicolas,Deslauriers,4,"$1,750,000",2022-23,2025-26,UFA+ARBUFA,UFA+ARBUFA
Ryan,Hartman,3,"$1,700,000",2021-22,2023-24,RFA+ARBRFA,UFA+ARBUFA
Jake,Evans,3,"$1,700,000",2022-23,2024-25,RFA+ARBRFA,UFA+ARBUFA
Yakov,Trenin,2,"$1,700,000",2022-23,2023-24,RFA+ARBRFA,UFA+ARBUFA
Sean,Durzi,2,"$1,700,000",2022-23,2023-24,RFA+ARBRFA,RFA+ARBRFA
Tony,DeAngelo,1,"$1,675,000",2023-24,2023-24,UFA+ARBUFA,UFA+ARBUFA
Blake,Lizotte,2,"$1,675,000",2022-23,2023-24,RFA+ARBRFA,UFA no QO+ARBUFA no QO
Eric,Robinson,2,"$1,600,000",2022-23,2023-24,UFA+ARBUFA,UFA+ARBUFA
Cameron,York,2,"$1,600,000",2023-24,2024-25,RFA+ARBRFA,RFA+ARBRFA
Pius,Suter,2,"$1,600,000",2023-24,2024-25,UFA+ARBUFA,UFA+ARBUFA
Jack,McBain,2,"$1,599,999",2023-24,2024-25,RFA+ARBRFA,RFA+ARBRFA
Alexandre,Texier,2,"$1,525,000",2021-22,2023-24,RFA+ARBRFA,RFA+ARBRFA
Matt,Martin,4,"$1,500,000",2020-21,2023-24,UFA+ARBUFA,UFA+ARBUFA
Jani,Hakanpaa,3,"$1,500,000",2021-22,2023-24,UFA+ARBUFA,UFA+ARBUFA
Brandon,Hagel,3,"$1,500,000",2021-22,2023-24,RFA+ARBRFA,RFA+ARBRFA
Eetu,Luostarinen,2,"$1,500,000",2022-23,2023-24,RFA+ARBRFA,RFA+ARBRFA
Owen,Tippett,2,"$1,500,000",2022-23,2023-24,RFA+ARBRFA,RFA+ARBRFA
Tomas,Tatar,1,"$1,500,000",2023-24,2023-24,UFA+ARBUFA,UFA+ARBUFA
Michael,Rasmussen,3,"$1,460,000",2021-22,2023-24,RFA+ARBRFA,RFA+ARBRFA
Eeli,Tolvanen,3,"$1,450,000",2021-22,2023-24,RFA+ARBRFA,RFA+ARBRFA
Fabian,Zetterlund,2,"$1,450,000",2023-24,2024-25,RFA+ARBRFA,RFA+ARBRFA
William,Carrier,4,"$1,400,000",2020-21,2023-24,RFA+ARBRFA,UFA+ARBUFA
Timothy,Liljegren,2,"$1,400,000",2022-23,2023-24,RFA+ARBRFA,RFA+ARBRFA
Keegan,Kolesar,3,"$1,400,000",2022-23,2024-25,RFA+ARBRFA,UFA+ARBUFA
Philippe,Myers,1,"$1,400,000",2023-24,2023-24,RFA+ARBRFA,UFA+ARBUFA
Rasmus,Sandin,2,"$1,400,000",2022-23,2023-24,RFA+ARBRFA,RFA+ARBRFA
Jordan,Harris,2,"$1,400,000",2023-24,2024-25,RFA+ARBRFA,RFA+ARBRFA
Ryan,Poehling,1,"$1,400,000",2023-24,2023-24,UFA no QO+ARBUFA no QO,RFA+ARBRFA
Dylan,Samberg,2,"$1,400,000",2023-24,2024-25,RFA+ARBRFA,RFA+ARBRFA
Michael,McLeod,1,"$1,400,000",2023-24,2023-24,UFA no QO+ARBUFA no QO,UFA no QO+ARBUFA no QO
Ryan,Reaves,3,"$1,350,000",2023-24,2025-26,UFA+ARBUFA,UFA+ARBUFA
Morgan,Barron,2,"$1,350,000",2023-24,2024-25,RFA+ARBRFA,RFA+ARBRFA
Nathan,Bastian,2,"$1,350,000",2023-24,2024-25,UFA no QO+ARBUFA no QO,UFA+ARBUFA
Riley,Stillman,3,"$1,350,000",2021-22,2023-24,RFA+ARBRFA,UFA no QO+ARBUFA no QO
Carl,Grundstrom,2,"$1,300,000",2022-23,2023-24,RFA+ARBRFA,RFA+ARBRFA
Kevin,Rooney,2,"$1,300,000",2022-23,2023-24,UFA+ARBUFA,UFA+ARBUFA
Nic,Dowd,3,"$1,300,000",2022-23,2024-25,UFA+ARBUFA,UFA+ARBUFA
Alexei,Toropchenko,2,"$1,250,000",2023-24,2024-25,RFA+ARBRFA,RFA+ARBRFA
Nicolas,Aube-Kubel,1,"$1,225,000",2023-24,2023-24,UFA+ARBUFA,UFA+ARBUFA
Jon,Merrill,3,"$1,200,000",2022-23,2024-25,UFA+ARBUFA,UFA+ARBUFA
Colin,Blackwell,2,"$1,200,000",2022-23,2023-24,UFA+ARBUFA,UFA+ARBUFA
Sam,Lafferty,2,"$1,150,000",2022-23,2023-24,UFA+ARBUFA,UFA+ARBUFA
Nicklaus,Perbix,2,"$1,125,000",2023-24,2024-25,RFA+ARBRFA,UFA+ARBUFA
Christian,Fischer,1,"$1,125,000",2023-24,2023-24,UFA no QO+ARBUFA no QO,UFA+ARBUFA
Ross,Johnston,4,"$1,100,000",2022-23,2025-26,UFA+ARBUFA,UFA+ARBUFA
Nick,Cousins,2,"$1,100,000",2022-23,2023-24,UFA+ARBUFA,UFA+ARBUFA
Brendan,Smith,2,"$1,100,000",2022-23,2023-24,UFA+ARBUFA,UFA+ARBUFA
Conor,Timmins,2,"$1,100,000",2023-24,2024-25,RFA+ARBRFA,RFA+ARBRFA
Mathieu,Olivier,2,"$1,100,000",2023-24,2024-25,RFA+ARBRFA,UFA+ARBUFA
Kyle,Burroughs,3,"$1,100,000",2023-24,2025-26,UFA+ARBUFA,UFA+ARBUFA
Troy,Stecher,1,"$1,100,000",2023-24,2023-24,UFA+ARBUFA,UFA+ARBUFA
Marc,Staal,1,"$1,100,000",2023-24,2023-24,UFA+ARBUFA,UFA+ARBUFA
Travis,Hamonic,2,"$1,100,000",2023-24,2024-25,UFA+ARBUFA,UFA+ARBUFA
Nils,Hoglander,2,"$1,100,000",2023-24,2024-25,RFA+ARBRFA,RFA+ARBRFA
Brandon,Duhaime,1,"$1,100,000",2023-24,2023-24,RFA+ARBRFA,UFA+ARBUFA
Filip,Zadina,1,"$1,100,000",2023-24,2023-24,RFA+ARBRFA,UFA no QO+ARBUFA no QO
Logan,O'Connor,3,"$1,050,000",2022-23,2024-25,RFA+ARBRFA,UFA+ARBUFA
Kevin,Shattenkirk,1,"$1,050,000",2023-24,2023-24,UFA+ARBUFA,UFA+ARBUFA
Kevin,Bahl,2,"$1,050,000",2023-24,2024-25,RFA+ARBRFA,RFA+ARBRFA
Steven,Lorentz,2,"$1,050,000",2022-23,2023-24,RFA+ARBRFA,UFA+ARBUFA
Pat,Maroon,2,"$1,000,000",2022-23,2023-24,UFA+ARBUFA,UFA+ARBUFA
Curtis,Lazar,3,"$1,000,000",2022-23,2024-25,UFA+ARBUFA,UFA+ARBUFA
Juuso,Valimaki,1,"$1,000,000",2023-24,2023-24,RFA+ARBRFA,RFA+ARBRFA
Sammy,Blais,1,"$1,000,000",2023-24,2023-24,UFA+ARBUFA,UFA+ARBUFA
Mattias,Janmark,1,"$1,000,000",2023-24,2023-24,UFA+ARBUFA,UFA+ARBUFA
Kevin,Stenlund,1,"$1,000,000",2023-24,2023-24,UFA no QO+ARBUFA no QO,UFA+ARBUFA
James,van Riemsdyk,1,"$1,000,000",2023-24,2023-24,UFA+ARBUFA,UFA+ARBUFA
Andreas,Englund,2,"$1,000,000",2023-24,2024-25,UFA+ARBUFA,UFA+ARBUFA
Mike,Reilly,1,"$1,000,000",2023-24,2023-24,UFA+ARBUFA,UFA+ARBUFA
Craig,Smith,1,"$1,000,000",2023-24,2023-24,UFA+ARBUFA,UFA+ARBUFA
Tomas,Nosek,1,"$1,000,000",2023-24,2023-24,UFA+ARBUFA,UFA+ARBUFA
Dmitry,Kulikov,1,"$1,000,000",2023-24,2023-24,UFA+ARBUFA,UFA+ARBUFA
Logan,Stanley,1,"$1,000,000",2023-24,2023-24,RFA+ARBRFA,RFA+ARBRFA
Milan,Lucic,1,"$1,000,000",2023-24,2023-24,UFA+ARBUFA,UFA+ARBUFA
Rasmus,Kupari,2,"$1,000,000",2023-24,2024-25,RFA+ARBRFA,RFA+ARBRFA
Kurtis,MacDermid,2,"$987,500",2022-23,2023-24,UFA+ARBUFA,UFA+ARBUFA
Justin,Danforth,2,"$975,000",2022-23,2023-24,UFA+ARBUFA,UFA+ARBUFA
Juraj,Slafkovský,3,"$950,000",2022-23,2024-25,+ARB,RFA+ARBRFA
Ivan,Miroshnichenko,3,"$950,000",2023-24,2025-26,+ARB,RFA+ARBRFA
Adam,Fantilli,3,"$950,000",2023-24,2025-26,+ARB,RFA+ARBRFA
Leo,Carlsson,3,"$950,000",2023-24,2025-26,+ARB,RFA+ARBRFA
Connor,Bedard,3,"$950,000",2023-24,2025-26,+ARB,RFA+ARBRFA
Zach,Benson,3,"$950,000",2023-24,2025-26,+ARB,RFA+ARBRFA
Robert,Bortuzzo,2,"$950,000",2022-23,2023-24,UFA+ARBUFA,UFA+ARBUFA
Lane,Hutson,3,"$950,000",2023-24,2025-26,+ARB,RFA+ARBRFA
Cutter,Gauthier,3,"$950,000",2023-24,2025-26,+ARB,RFA+ARBRFA
Jonathan,Lekkerimaki,3,"$950,000",2023-24,2026-27,+ARB,RFA+ARBRFA
Logan,Cooley,3,"$950,000",2023-24,2025-26,+ARB,RFA+ARBRFA
Braden,Schneider,3,"$925,000",2021-22,2023-24,+ARB,RFA+ARBRFA
Dylan,Holloway,3,"$925,000",2021-22,2023-24,+ARB,RFA+ARBRFA
Justin,Barron,3,"$925,000",2021-22,2023-24,+ARB,RFA+ARBRFA
Anton,Lundell,3,"$925,000",2021-22,2023-24,+ARB,RFA+ARBRFA
Lukas,Reichel,3,"$925,000",2021-22,2023-24,+ARB,RFA+ARBRFA
Jack,Drury,3,"$925,000",2021-22,2023-24,+ARB,RFA+ARBRFA
Cole,Sillinger,3,"$925,000",2021-22,2023-24,+ARB,RFA+ARBRFA
Michael,Kesselring,3,"$925,000",2021-22,2023-24,+ARB,RFA+ARBRFA
Vasily,Podkolzin,3,"$925,000",2021-22,2023-24,+ARB,RFA+ARBRFA
Bobby,Brink,3,"$925,000",2021-22,2023-24,+ARB,RFA+ARBRFA
Lucas,Raymond,3,"$925,000",2021-22,2023-24,+ARB,RFA+ARBRFA
Drew,Helleson,3,"$925,000",2022-23,2024-25,+ARB,RFA+ARBRFA
Kirill,Marchenko,2,"$925,000",2022-23,2023-24,+ARB,RFA+ARBRFA
John,Beecher,3,"$925,000",2022-23,2024-25,+ARB,RFA+ARBRFA
Matt,Coronato,3,"$925,000",2022-23,2024-25,+ARB,RFA+ARBRFA
Luke,Hughes,3,"$925,000",2022-23,2024-25,+ARB,RFA+ARBRFA
Matthew,Knies,3,"$925,000",2022-23,2024-25,+ARB,RFA+ARBRFA
Jackson,LaCombe,2,"$925,000",2022-23,2023-24,+ARB,RFA+ARBRFA
Mason,Lohrei,2,"$925,000",2023-24,2024-25,+ARB,RFA+ARBRFA
Drew,O'Connor,2,"$925,000",2023-24,2024-25,RFA+ARBRFA,UFA+ARBUFA
Fyodor,Svechkov,3,"$925,000",2023-24,2025-26,+ARB,RFA+ARBRFA
Kent,Johnson,3,"$925,000",2021-22,2023-24,+ARB,RFA+ARBRFA
Marat,Khusnutdinov,2,"$925,000",2023-24,2024-25,+ARB,RFA+ARBRFA
Sam,Colangelo,2,"$925,000",2023-24,2024-25,+ARB,RFA+ARBRFA
Jonatan,Berggren,3,"$925,000",2021-22,2023-24,+ARB,RFA+ARBRFA
Brock,Faber,3,"$925,000",2022-23,2024-25,+ARB,RFA+ARBRFA
Jake,Sanderson,3,"$925,000",2021-22,2023-24,+ARB,RFA+ARBRFA
Josh,Mahura,1,"$925,000",2023-24,2023-24,RFA+ARBRFA,UFA no QO+ARBUFA no QO
Nils,Lundkvist,3,"$925,000",2021-22,2023-24,+ARB,UFA no QO+ARBUFA no QO
Dmitri,Voronkov,2,"$925,000",2023-24,2024-25,+ARB,RFA+ARBRFA
Ryan,Johnson,2,"$925,000",2023-24,2024-25,+ARB,RFA+ARBRFA
Cole,McWard,2,"$922,500",2022-23,2023-24,+ARB,RFA+ARBRFA
Pavel,Mintyukov,3,"$918,333",2022-23,2025-26,+ARB,RFA+ARBRFA
David,Jiricek,3,"$918,333",2022-23,2025-26,+ARB,RFA+ARBRFA
Conor,Geekie,3,"$918,333",2022-23,2026-27,+ARB,RFA+ARBRFA
Maveric,Lamoureux,3,"$918,333",2022-23,2026-27,+ARB,RFA+ARBRFA
Brad,Lambert,3,"$918,333",2022-23,2026-27,+ARB,RFA+ARBRFA
Shane,Wright,3,"$918,333",2022-23,2026-27,+ARB,RFA+ARBRFA
Marco,Kasper,3,"$918,333",2022-23,2026-27,+ARB,RFA+ARBRFA
Jiri,Kulich,3,"$918,333",2022-23,2026-27,+ARB,RFA+ARBRFA
Owen,Pickering,3,"$918,333",2022-23,2026-27,+ARB,RFA+ARBRFA
Owen,Power,3,"$916,667",2021-22,2023-24,+ARB,RFA+ARBRFA
Tyler,Kleven,3,"$916,667",2022-23,2024-25,+ARB,RFA+ARBRFA
Wyatt,Kaiser,3,"$916,667",2022-23,2024-25,+ARB,RFA+ARBRFA
Alex,Vlasic,3,"$916,667",2021-22,2023-24,+ARB,RFA+ARBRFA
Henry,Thrun,2,"$912,500",2022-23,2023-24,+ARB,RFA+ARBRFA
Jackson,Blake,3,"$905,833",2023-24,2025-26,+ARB,RFA+ARBRFA
Emil,Andrae,3,"$903,333",2023-24,2025-26,+ARB,RFA+ARBRFA
Derek,Ryan,2,"$900,000",2023-24,2024-25,UFA+ARBUFA,UFA+ARBUFA
Matt,Nieto,2,"$900,000",2023-24,2024-25,UFA+ARBUFA,UFA+ARBUFA
Ty,Dellandrea,1,"$900,000",2023-24,2023-24,RFA+ARBRFA,RFA+ARBRFA
Emil,Heineman,3,"$897,500",2022-23,2024-25,+ARB,RFA+ARBRFA
Matthew,Beniers,3,"$897,500",2021-22,2023-24,+ARB,RFA+ARBRFA
Mikael,Pyyhtia,3,"$897,500",2022-23,2024-25,+ARB,RFA+ARBRFA
Ryker,Evans,3,"$897,500",2022-23,2024-25,+ARB,RFA+ARBRFA
Nikolai,Kovalenko,2,"$896,250",2023-24,2024-25,+ARB,RFA+ARBRFA
Seth,Jarvis,3,"$894,167",2020-21,2023-24,+ARB,RFA+ARBRFA
Alex,Turcotte,3,"$894,167",2020-21,2023-24,+ARB,RFA+ARBRFA
Arthur,Kaliyev,3,"$894,167",2020-21,2023-24,+ARB,RFA+ARBRFA
Mason,McTavish,3,"$894,167",2021-22,2024-25,+ARB,RFA+ARBRFA
Dylan,Guenther,3,"$894,176",2021-22,2024-25,+ARB,RFA+ARBRFA
Mavrik,Bourque,3,"$894,167",2021-22,2024-25,+ARB,RFA+ARBRFA
Wyatt,Johnston,3,"$894,167",2021-22,2024-25,+ARB,RFA+ARBRFA
Cole,Perfetti,3,"$894,167",2020-21,2023-24,+ARB,RFA+ARBRFA
Simon,Edvinsson,3,"$894,167",2022-23,2025-26,+ARB,RFA+ARBRFA
Quinton,Byfield,3,"$894,167",2020-21,2023-24,+ARB,RFA+ARBRFA
Dawson,Mercer,3,"$894,167",2020-21,2023-24,+ARB,RFA+ARBRFA
Alexander,Holtz,3,"$894,167",2021-22,2024-25,+ARB,RFA+ARBRFA
Janis Jérôme,Moser,3,"$886,667",2021-22,2023-24,+ARB,RFA+ARBRFA
Nikolas,Matinpalo,1,"$885,000",2023-24,2023-24,+ARB,RFA+ARBRFA
Matthew,Kessel,2,"$883,750",2022-23,2023-24,+ARB,RFA+ARBRFA
Alex,Laferriere,3,"$875,000",2022-23,2024-25,+ARB,RFA+ARBRFA
Nikita,Grebyonkin,3,"$875,000",2023-24,2025-26,+ARB,RFA+ARBRFA
Oliver,Wahlstrom,1,"$874,125",2023-24,2023-24,RFA+ARBRFA,RFA+ARBRFA
Max,Sasson,2,"$870,000",2023-24,2024-25,+ARB,RFA+ARBRFA
Uvis,Balinskis,1,"$870,000",2023-24,2023-24,+ARB,UFA+ARBUFA
Isaiah,George,3,"$870,000",2023-24,2026-27,+ARB,RFA+ARBRFA
Emil,Lilleberg,2,"$870,000",2023-24,2024-25,+ARB,RFA+ARBRFA
Jayden,Struble,2,"$867,500",2023-24,2024-25,+ARB,RFA+ARBRFA
Brett,Berard,3,"$867,500",2023-24,2025-26,+ARB,RFA+ARBRFA
Ethan,Cardwell,3,"$867,500",2023-24,2025-26,+ARB,RFA+ARBRFA
Thomas,Harley,3,"$863,334",2019-20,2023-24,+ARB,RFA+ARBRFA
Moritz,Seider,3,"$863,334",2019-20,2023-24,+ARB,RFA+ARBRFA
Philip,Broberg,3,"$863,334",2019-20,2023-24,+ARB,RFA+ARBRFA
Philip,Tomasino,3,"$863,334",2019-20,2023-24,+ARB,RFA+ARBRFA
Simon,Holmstrom,3,"$863,334",2019-20,2023-24,+ARB,RFA+ARBRFA
Peyton,Krebs,3,"$863,334",2019-20,2023-24,+ARB,RFA+ARBRFA
Ville,Heinola,3,"$863,334",2019-20,2023-24,+ARB,RFA+ARBRFA
Jakob,Pelletier,3,"$863,334",2019-20,2023-24,+ARB,RFA+ARBRFA
Jack,Quinn,3,"$863,334",2020-21,2024-25,+ARB,RFA+ARBRFA
Marco,Rossi,3,"$863,334",2020-21,2024-25,+ARB,RFA+ARBRFA
Kaiden,Guhle,3,"$863,334",2020-21,2024-25,+ARB,RFA+ARBRFA
Ridly,Greig,3,"$863,334",2020-21,2024-25,+ARB,RFA+ARBRFA
Tyson,Foerster,3,"$863,334",2020-21,2024-25,+ARB,RFA+ARBRFA
Hendrix,Lapierre,3,"$863,334",2020-21,2024-25,+ARB,RFA+ARBRFA
Zachary,L'Heureux,3,"$863,334",2021-22,2025-26,+ARB,RFA+ARBRFA
Brandt,Clarke,3,"$863,334",2021-22,2025-26,+ARB,RFA+ARBRFA
Connor,McMichael,3,"$863,334",2019-20,2023-24,+ARB,RFA+ARBRFA
Connor,Zary,3,"$863,334",2020-21,2024-25,+ARB,RFA+ARBRFA
Zachary,Bolduc,3,"$863,334",2021-22,2025-26,+ARB,RFA+ARBRFA
William,Eklund,3,"$863,333",2021-22,2025-26,+ARB,RFA+ARBRFA
Tye,Kartye,3,"$859,167",2022-23,2024-25,+ARB,RFA+ARBRFA
John-Jason,Peterka,3,"$855,834",2021-22,2024-25,+ARB,RFA+ARBRFA
Cole,Schwindt,3,"$855,833",2020-21,2023-24,+ARB,RFA+ARBRFA
Juuso,Parssinen,3,"$850,833",2021-22,2023-24,+ARB,RFA+ARBRFA
Oskar,Back,3,"$850,833",2021-22,2023-24,+ARB,RFA+ARBRFA
Marc,Del Gaizo,3,"$850,833",2021-22,2023-24,+ARB,RFA+ARBRFA
Louis,Crevier,3,"$850,833",2021-22,2023-24,+ARB,RFA+ARBRFA
Zach,Bogosian,3,"$850,000",2021-22,2023-24,UFA+ARBUFA,UFA+ARBUFA
Ben,Hutton,2,"$850,000",2022-23,2023-24,UFA+ARBUFA,UFA+ARBUFA
Sam,Carrick,2,"$850,000",2022-23,2023-24,UFA+ARBUFA,UFA+ARBUFA
Jansen,Harkins,2,"$850,000",2022-23,2023-24,RFA+ARBRFA,UFA+ARBUFA
Tyson,Kozak,3,"$850,000",2022-23,2024-25,+ARB,RFA+ARBRFA
Sam,Malinski,2,"$850,000",2023-24,2024-25,+ARB,RFA+ARBRFA
Denis,Gurianov,1,"$850,000",2023-24,2023-24,UFA no QO+ARBUFA no QO,UFA+ARBUFA
Dylan,Coghlan,1,"$850,000",2023-24,2023-24,RFA+ARBRFA,RFA+ARBRFA
Sam,Steel,1,"$850,000",2023-24,2023-24,UFA no QO+ARBUFA no QO,UFA no QO+ARBUFA no QO
Urho,Vaakanainen,2,"$850,000",2022-23,2023-24,RFA+ARBRFA,UFA no QO+ARBUFA no QO
Adam,Edstrom,3,"$846,667",2022-23,2024-25,+ARB,RFA+ARBRFA
Fraser,Minten,3,"$845,833",2022-23,2026-27,+ARB,RFA+ARBRFA
Olen,Zellweger,3,"$844,167",2021-22,2025-26,+ARB,RFA+ARBRFA
Adam,Wilsby,2,"$842,500",2022-23,2023-24,+ARB,RFA+ARBRFA
Aatu,Räty,3,"$836,667",2021-22,2024-25,+ARB,RFA+ARBRFA
Jake,Neighbours,3,"$835,834",2020-21,2024-25,+ARB,RFA+ARBRFA
Mark,Kastelic,2,"$835,000",2023-24,2024-25,RFA+ARBRFA,RFA+ARBRFA
Will,Cuylle,3,"$828,333",2021-22,2024-25,+ARB,RFA+ARBRFA
Ryan,Winterton,3,"$828,333",2022-23,2025-26,+ARB,RFA+ARBRFA
Jack,Thompson,3,"$828,333",2021-22,2024-25,+ARB,RFA+ARBRFA
Arber,Xhekaj,3,"$828,333",2021-22,2023-24,+ARB,RFA+ARBRFA
Nick,Blankenburg,2,"$825,000",2022-23,2023-24,RFA+ARBRFA,UFA-Group6+ARBUFA-Group6
Dakota,Joshua,2,"$825,000",2022-23,2023-24,UFA+ARBUFA,UFA+ARBUFA
Walker,Duehr,2,"$825,000",2023-24,2024-25,RFA+ARBRFA,UFA+ARBUFA
Alexander,Alexeyev,2,"$825,000",2023-24,2024-25,RFA+ARBRFA,RFA+ARBRFA
Jonathan,Drouin,1,"$825,000",2023-24,2023-24,UFA+ARBUFA,UFA+ARBUFA
Andrew,Cogliano,1,"$825,000",2023-24,2023-24,UFA+ARBUFA,UFA+ARBUFA
Joseph,Veleno,1,"$825,000",2023-24,2023-24,RFA+ARBRFA,RFA+ARBRFA
Nolan,Allan,3,"$825,000",2021-22,2025-26,+ARB,RFA+ARBRFA
Zack,Ostapchuk,3,"$825,000",2021-22,2025-26,+ARB,RFA+ARBRFA
Erik,Gustafsson,1,"$825,000",2023-24,2023-24,UFA+ARBUFA,UFA+ARBUFA
Pavel,Dorofeyev,1,"$825,000",2023-24,2023-24,RFA+ARBRFA,RFA+ARBRFA
Zach,Parise,1,"$825,000",2023-24,2023-24,UFA+ARBUFA,UFA+ARBUFA
Pierre-Olivier,Joseph,2,"$825,000",2022-23,2023-24,RFA+ARBRFA,UFA no QO+ARBUFA no QO
Calen,Addison,1,"$825,000",2023-24,2023-24,RFA+ARBRFA,UFA no QO+ARBUFA no QO
Albert,Johansson,3,"$820,000",2020-21,2023-24,+ARB,RFA+ARBRFA
Gage,Goncalves,3,"$820,000",2020-21,2023-24,+ARB,RFA+ARBRFA
Jordan,Spence,3,"$820,000",2020-21,2023-24,+ARB,RFA+ARBRFA
Logan,Stankoven,3,"$814,167",2021-22,2025-26,+ARB,RFA+ARBRFA
Cole,Reinhardt,3,"$813,333",2021-22,2023-24,+ARB,RFA+ARBRFA
Zachary,Jones,2,"$812,500",2023-24,2024-25,RFA+ARBRFA,RFA+ARBRFA
Michael,Pezzetta,2,"$812,500",2023-24,2024-25,RFA+ARBRFA,UFA+ARBUFA
Jonah,Gadjovich,1,"$810,000",2023-24,2023-24,UFA no QO+ARBUFA no QO,RFA+ARBRFA
Samuel,Helenius,3,"$805,833",2021-22,2025-26,+ARB,RFA+ARBRFA
Jacob,Bernard-Docker,2,"$805,000",2023-24,2024-25,RFA+ARBRFA,RFA+ARBRFA
Ryan,Lomberg,2,"$800,000",2022-23,2023-24,UFA+ARBUFA,UFA+ARBUFA
Mark,Giordano,2,"$800,000",2022-23,2023-24,UFA+ARBUFA,UFA+ARBUFA
Connor,Dewar,2,"$800,000",2022-23,2023-24,RFA+ARBRFA,RFA+ARBRFA
Jimmy,Vesey,2,"$800,000",2023-24,2024-25,UFA+ARBUFA,UFA+ARBUFA
Michael,Eyssimont,2,"$800,000",2023-24,2024-25,UFA-Group6+ARBUFA-Group6,UFA+ARBUFA
Pontus,Holmberg,2,"$800,000",2023-24,2024-25,RFA+ARBRFA,RFA+ARBRFA
Luke,Glendening,2,"$800,000",2023-24,2024-25,UFA+ARBUFA,UFA+ARBUFA
Givani,Smith,2,"$800,000",2023-24,2024-25,UFA no QO+ARBUFA no QO,UFA+ARBUFA
Blake,Wheeler,1,"$800,000",2023-24,2023-24,UFA+ARBUFA,UFA+ARBUFA
Travis,Dermott,1,"$800,000",2023-24,2023-24,UFA no QO+ARBUFA no QO,UFA+ARBUFA
Tyler,Motte,1,"$800,000",2023-24,2023-24,UFA+ARBUFA,UFA+ARBUFA
Thomas,Novak,1,"$800,000",2023-24,2023-24,RFA+ARBRFA,UFA+ARBUFA
Jesse,Puljujarvi,2,"$800,000",2023-24,2024-25,UFA no QO+ARBUFA no QO,UFA+ARBUFA
Yegor,Chinakhov,1,"$800,000",2023-24,2023-24,RFA+ARBRFA,RFA+ARBRFA
Kyle,MacLean,1,"$800,000",2023-24,2023-24,+ARB,RFA+ARBRFA
Reese,Johnson,2,"$800,000",2022-23,2023-24,RFA+ARBRFA,UFA no QO+ARBUFA no QO
Callan,Foote,1,"$800,000",2023-24,2023-24,UFA no QO+ARBUFA no QO,UFA no QO+ARBUFA no QO
Joey,Anderson,1,"$800,000",2023-24,2023-24,RFA+ARBRFA,UFA no QO+ARBUFA no QO
Luke,Evangelista,3,"$797,500",2020-21,2024-25,+ARB,RFA+ARBRFA
Nicholas,Robertson,3,"$796,667",2019-20,2023-24,+ARB,RFA+ARBRFA
Vladislav,Kolyachonok,3,"$789,167",2019-20,2023-24,+ARB,RFA+ARBRFA
Nathan,Legare,3,"$789,167",2019-20,2023-24,+ARB,RFA+ARBRFA
Aliaksei,Protas,3,"$789,167",2019-20,2023-24,+ARB,RFA+ARBRFA
Kaedan,Korczak,3,"$789,167",2019-20,2023-24,+ARB,RFA+ARBRFA
Joel,Hanley,2,"$787,500",2023-24,2024-25,UFA+ARBUFA,UFA+ARBUFA
Jakub,Lauko,2,"$787,500",2023-24,2024-25,RFA+ARBRFA,RFA+ARBRFA
Liam,O'Brien,2,"$775,000",2022-23,2023-24,UFA+ARBUFA,UFA+ARBUFA
Mark,Friedman,2,"$775,000",2022-23,2023-24,RFA+ARBRFA,UFA+ARBUFA
Nick,Seeler,2,"$775,000",2022-23,2023-24,UFA+ARBUFA,UFA+ARBUFA
Grant,Hutton,3,"$775,000",2022-23,2024-25,UFA+ARBUFA,UFA+ARBUFA
Nathan,Walker,1,"$775,000",2023-24,2023-24,UFA+ARBUFA,UFA+ARBUFA
David,Gustafsson,2,"$775,000",2022-23,2023-24,RFA+ARBRFA,RFA+ARBRFA
Paul,Cotter,3,"$775,000",2023-24,2025-26,RFA+ARBRFA,RFA+ARBRFA
Cole,Smith,1,"$775,000",2023-24,2023-24,UFA+ARBUFA,UFA+ARBUFA
Mark,Jankowski,1,"$775,000",2023-24,2023-24,UFA+ARBUFA,UFA+ARBUFA
Michael,McCarron,1,"$775,000",2023-24,2023-24,UFA+ARBUFA,UFA+ARBUFA
Kiefer,Sherwood,1,"$775,000",2023-24,2023-24,UFA+ARBUFA,UFA+ARBUFA
Hudson,Fasching,2,"$775,000",2023-24,2024-25,UFA+ARBUFA,UFA+ARBUFA
Yegor,Zamula,1,"$775,000",2023-24,2023-24,RFA+ARBRFA,RFA+ARBRFA
Jake,Christiansen,1,"$775,000",2023-24,2023-24,RFA+ARBRFA,RFA+ARBRFA
Cole,Koepke,1,"$775,000",2023-24,2023-24,RFA+ARBRFA,UFA-Group6+ARBUFA-Group6
Keaton,Middleton,2,"$775,000",2023-24,2024-25,UFA-Group6+ARBUFA-Group6,UFA+ARBUFA
Adam,Gaudette,1,"$775,000",2023-24,2023-24,RFA+ARBRFA,UFA+ARBUFA
Michael,Carcone,2,"$775,000",2023-24,2024-25,UFA+ARBUFA,UFA+ARBUFA
Scott,Perunovich,1,"$775,000",2023-24,2023-24,RFA+ARBRFA,RFA+ARBRFA
Brayden,Pachal,2,"$775,000",2023-24,2024-25,RFA+ARBRFA,RFA+ARBRFA
Noah,Juulsen,2,"$775,000",2023-24,2024-25,UFA-Group6+ARBUFA-Group6,UFA+ARBUFA
Dakota,Mermis,1,"$775,000",2023-24,2023-24,UFA+ARBUFA,UFA+ARBUFA
Matt,Luff,1,"$775,000",2023-24,2023-24,UFA no QO+ARBUFA no QO,UFA+ARBUFA
Trevor,Lewis,1,"$775,000",2023-24,2023-24,UFA+ARBUFA,UFA+ARBUFA
Justin,Dowling,2,"$775,000",2023-24,2024-25,UFA+ARBUFA,UFA+ARBUFA
Ryan,Carpenter,1,"$775,000",2023-24,2023-24,UFA+ARBUFA,UFA+ARBUFA
Jack,Johnson,1,"$775,000",2023-24,2023-24,UFA+ARBUFA,UFA+ARBUFA
Dylan,McIlrath,2,"$775,000",2023-24,2024-25,UFA+ARBUFA,UFA+ARBUFA
Calvin,de Haan,1,"$775,000",2023-24,2023-24,UFA+ARBUFA,UFA+ARBUFA
Marshall,Rifai,2,"$775,000",2023-24,2024-25,+ARB,UFA+ARBUFA
Ryan,Shea,1,"$775,000",2023-24,2023-24,UFA-Group6+ARBUFA-Group6,UFA+ARBUFA
Chris,Wagner,1,"$775,000",2023-24,2023-24,UFA+ARBUFA,UFA+ARBUFA
Mitchell,Chaffee,1,"$775,000",2023-24,2023-24,UFA-Group6+ARBUFA-Group6,UFA-Group6+ARBUFA-Group6
Parker,Wotherspoon,1,"$775,000",2023-24,2023-24,UFA-Group6+ARBUFA-Group6,UFA-Group6+ARBUFA-Group6
Mitchell,Stephens,1,"$775,000",2023-24,2023-24,RFA+ARBRFA,UFA+ARBUFA
Ben,Jones,1,"$775,000",2023-24,2023-24,RFA+ARBRFA,UFA-Group6+ARBUFA-Group6
Pierre-Edouard,Bellemare,1,"$775,000",2023-24,2023-24,UFA+ARBUFA,UFA+ARBUFA
Oskar,Sundqvist,1,"$775,000",2023-24,2023-24,UFA+ARBUFA,UFA+ARBUFA
Ty,Emberson,1,"$775,000",2023-24,2023-24,RFA+ARBRFA,RFA+ARBRFA
Chris,Tierney,1,"$775,000",2023-24,2023-24,UFA+ARBUFA,UFA+ARBUFA
Justin,Kirkland,1,"$775,000",2023-24,2023-24,UFA-Group6+ARBUFA-Group6,UFA+ARBUFA
John,Ludvig,2,"$775,000",2023-24,2024-25,RFA+ARBRFA,RFA+ARBRFA
Connor,Brown,1,"$775,000",2023-24,2023-24,UFA+ARBUFA,UFA+ARBUFA
Caleb,Jones,1,"$775,000",2023-24,2023-24,UFA no QO+ARBUFA no QO,UFA+ARBUFA
Simon,Benoit,1,"$775,000",2023-24,2023-24,UFA no QO+ARBUFA no QO,RFA+ARBRFA
Devin,Shore,1,"$775,000",2023-24,2023-24,UFA+ARBUFA,UFA+ARBUFA
Declan,Chisholm,1,"$775,000",2023-24,2023-24,RFA+ARBRFA,RFA+ARBRFA
Colin,White,1,"$775,000",2023-24,2023-24,UFA no QO+ARBUFA no QO,UFA+ARBUFA
Adam,Erne,1,"$775,000",2023-24,2023-24,UFA+ARBUFA,UFA+ARBUFA
Danton,Heinen,1,"$775,000",2023-24,2023-24,UFA+ARBUFA,UFA+ARBUFA
Sam,Gagner,1,"$775,000",2023-24,2023-24,UFA+ARBUFA,UFA+ARBUFA
Joel,Kiviranta,1,"$775,000",2023-24,2023-24,UFA+ARBUFA,UFA+ARBUFA
Mark,Pysyk,1,"$775,000",2023-24,2023-24,UFA+ARBUFA,UFA+ARBUFA
Martin,Pospisil,1,"$775,000",2023-24,2023-24,RFA+ARBRFA,RFA+ARBRFA
Corey,Perry,1,"$775,000",2023-24,2023-24,UFA+ARBUFA,UFA+ARBUFA
Zach,Aston-Reese,1,"$775,000",2023-24,2023-24,UFA+ARBUFA,UFA+ARBUFA
Akil,Thomas,1,"$775,000",2023-24,2023-24,RFA+ARBRFA,RFA+ARBRFA
Logan,Brown,1,"$775,000",2023-24,2023-24,UFA no QO+ARBUFA no QO,UFA no QO+ARBUFA no QO
Jesper,Boqvist,1,"$775,000",2023-24,2023-24,UFA no QO+ARBUFA no QO,UFA no QO+ARBUFA no QO
Brett,Leason,2,"$775,000",2022-23,2023-24,RFA+ARBRFA,UFA no QO+ARBUFA no QO
Alexander,Nylander,1,"$775,000",2023-24,2023-24,RFA+ARBRFA,UFA no QO+ARBUFA no QO
Noah,Gregor,1,"$775,000",2023-24,2023-24,UFA no QO+ARBUFA no QO,UFA no QO+ARBUFA no QO
Shane,Pinto,1,"$775,000",2023-24,2023-24,RFA+ARBRFA,RFA+ARBRFA
Justin,Brazeau,2,"$775,000",2023-24,2024-25,+ARB,UFA+ARBUFA
Johnathan,Kovacevic,3,"$766,667",2022-23,2024-25,RFA+ARBRFA,UFA+ARBUFA
Jalen,Chatfield,2,"$762,500",2022-23,2023-24,RFA+ARBRFA,UFA+ARBUFA
Michael,Amadio,2,"$762,500",2022-23,2023-24,RFA+ARBRFA,UFA+ARBUFA
Matthew,Peca,2,"$762,500",2022-23,2023-24,UFA+ARBUFA,UFA+ARBUFA
Bobby,McMann,2,"$762,500",2022-23,2023-24,+ARB,UFA+ARBUFA
Chris,Wideman,2,"$762,500",2022-23,2023-24,UFA+ARBUFA,UFA+ARBUFA
Jacob,Moverare,2,"$762,500",2022-23,2023-24,RFA+ARBRFA,UFA-Group6+ARBUFA-Group6
Beck,Malenstyn,2,"$762,500",2022-23,2023-24,RFA+ARBRFA,RFA+ARBRFA
Daniil,Miromanov,2,"$762,500",2022-23,2023-24,RFA+ARBRFA,UFA-Group6+ARBUFA-Group6
Lucas,Johansen,2,"$762,500",2022-23,2023-24,RFA+ARBRFA,UFA-Group6+ARBUFA-Group6
Stefan,Noesen,2,"$762,500",2022-23,2023-24,UFA+ARBUFA,UFA+ARBUFA
A.J.,Greer,2,"$762,500",2022-23,2023-24,UFA+ARBUFA,UFA+ARBUFA
Haydn,Fleury,2,"$762,500",2022-23,2023-24,UFA no QO+ARBUFA no QO,UFA+ARBUFA
Nick,DeSimone,2,"$762,500",2022-23,2023-24,UFA+ARBUFA,UFA+ARBUFA
Dennis,Cholowski,2,"$762,500",2022-23,2023-24,UFA no QO+ARBUFA no QO,RFA+ARBRFA
Vincent,Desharnais,2,"$762,500",2022-23,2023-24,+ARB,UFA+ARBUFA
Jonny,Brodzinski,2,"$762,500",2022-23,2023-24,UFA+ARBUFA,UFA+ARBUFA
Darren,Raddysh,2,"$762,500",2022-23,2023-24,UFA+ARBUFA,UFA+ARBUFA
Dennis,Gilbert,2,"$762,500",2022-23,2023-24,UFA+ARBUFA,UFA+ARBUFA
Parker,Kelly,2,"$762,500",2022-23,2023-24,RFA+ARBRFA,UFA no QO+ARBUFA no QO
Taylor,Raddysh,3,"$758,333",2021-22,2023-24,RFA+ARBRFA,UFA no QO+ARBUFA no QO
Boris,Katchouk,3,"$758,333",2021-22,2023-24,RFA+ARBRFA,UFA no QO+ARBUFA no QO
